지역,시험종류,연도,회차,시험구분,임용예정기관,직군,직렬,직류,직급,대상,선발예정인원,접수인원,경쟁률(접수/선발),응시인원,응시율(%),경쟁률(응시/선발),필기합격인원,합격선,합격선기준,양성평등합격선,원본파일명,비고
국가직,공무원,2023,,공개경쟁,,행정직군,행정,일반행정 전국,9급,일반,411,30206,73.5:1,23349,77.3,56.8:1,603,89.00,과목평균,,2023년도 국가공무원 9급 공개경쟁채용 필기시험 합격선 (1).pdf,
국가직,공무원,2023,,공개경쟁,서울·인천·경기,행정직군,행정,일반행정 지역,9급,일반,5,1752,350.4:1,1205,68.8,241.0:1,6,91.00,과목평균,,2023년도 국가공무원 9급 공개경쟁채용 필기시험 합격선 (1).pdf,
국가직,공무원,2023,,공개경쟁,강원,행정직군,행정,일반행정 지역,9급,일반,22,896,40.7:1,741,82.7,33.7:1,29,88.00,과목평균,,2023년도 국가공무원 9급 공개경쟁채용 필기시험 합격선 (1).pdf,
국가직,공무원,2023,,공개경쟁,대전·세종·충남·충북,행정직군,행정,일반행정 지역,9급,일반,46,1826,39.7:1,1493,81.8,32.5:1,55,88.00,과목평균,,2023년도 국가공무원 9급 공개경쟁채용 필기시험 합격선 (1).pdf,
국가직,공무원,2023,,공개경쟁,광주·전남,행정직군,행정,일반행정 지역,9급,일반,33,1537,46.6:1,1214,79.0,36.8:1,40,89.00,과목평균,,2023년도 국가공무원 9급 공개경쟁채용 필기시험 합격선 (1).pdf,
국가직,공무원,2023,,공개경쟁,전북,행정직군,행정,일반행정 지역,9급,일반,19,998,52.5:1,850,85.2,44.7:1,24,88.00,과목평균,,2023년도 국가공무원 9급 공개경쟁채용 필기시험 합격선 (1).pdf,
국가직,공무원,2023,,공개경쟁,대구·경북,행정직군,행정,일반행정 지역,9급,일반,28,1623,58.0:1,1290,79.5,46.1:1,39,88.00,과목평균,,2023년도 국가공무원 9급 공개경쟁채용 필기시험 합격선 (1).pdf,
국가직,공무원,2023,,공개경쟁,부산,행정직군,행정,일반행정 지역,9급,일반,8,637,79.6:1,513,80.5,64.1:1,10,88.00,과목평균,,2023년도 국가공무원 9급 공개경쟁채용 필기시험 합격선 (1).pdf,
국가직,공무원,2023,,공개경쟁,울산·경남,행정직군,행정,일반행정 지역,9급,일반,24,1186,49.4:1,970,81.8,40.4:1,34,88.00,과목평균,,2023년도 국가공무원 9급 공개경쟁채용 필기시험 합격선 (1).pdf,
국가직,공무원,2023,,공개경쟁,제주,행정직군,행정,일반행정 지역,9급,일반,7,247,35.3:1,193,78.1,27.6:1,10,89.00,과목평균,,2023년도 국가공무원 9급 공개경쟁채용 필기시험 합격선 (1).pdf,
국가직,공무원,2023,,공개경쟁,서울,행정직군,행정,우정사업본부 지역,9급,일반,94,1684,17.9:1,1330,79.0,14.1:1,123,87.00,과목평균,,2023년도 국가공무원 9급 공개경쟁채용 필기시험 합격선 (1).pdf,
국가직,공무원,2023,,공개경쟁,인천·경기,행정직군,행정,우정사업본부 지역,9급,일반,131,2076,15.8:1,1687,81.3,12.9:1,192,85.00,과목평균,,2023년도 국가공무원 9급 공개경쟁채용 필기시험 합격선 (1).pdf,
국가직,공무원,2023,,공개경쟁,강원,행정직군,행정,우정사업본부 지역,9급,일반,27,385,14.3:1,303,78.7,11.2:1,43,81.00,과목평균,,2023년도 국가공무원 9급 공개경쟁채용 필기시험 합격선 (1).pdf,
국가직,공무원,2023,,공개경쟁,대전·세종·충남·충북,행정직군,행정,우정사업본부 지역,9급,일반,117,1550,13.2:1,1318,85.0,11.3:1,165,83.00,과목평균,,2023년도 국가공무원 9급 공개경쟁채용 필기시험 합격선 (1).pdf,
국가직,공무원,2023,,공개경쟁,광주·전남,행정직군,행정,우정사업본부 지역,9급,일반,58,997,17.2:1,831,83.4,14.3:1,83,84.00,과목평균,82.00,2023년도 국가공무원 9급 공개경쟁채용 필기시험 합격선 (1).pdf,
국가직,공무원,2023,,공개경쟁,전북,행정직군,행정,우정사업본부 지역,9급,일반,42,664,15.8:1,546,82.2,13.0:1,59,82.00,과목평균,,2023년도 국가공무원 9급 공개경쟁채용 필기시험 합격선 (1).pdf,
국가직,공무원,2023,,공개경쟁,대구·경북,행정직군,행정,우정사업본부 지역,9급,일반,82,1459,17.8:1,1241,85.1,15.1:1,123,85.00,과목평균,,2023년도 국가공무원 9급 공개경쟁채용 필기시험 합격선 (1).pdf,
국가직,공무원,2023,,공개경쟁,부산·울산,행정직군,행정,우정사업본부 지역,9급,일반,32,727,22.7:1,604,83.1,18.9:1,44,87.00,과목평균,85.00,2023년도 국가공무원 9급 공개경쟁채용 필기시험 합격선 (1).pdf,
국가직,공무원,2023,,공개경쟁,경남,행정직군,행정,우정사업본부 지역,9급,일반,82,995,12.1:1,828,83.2,10.1:1,107,84.00,과목평균,,2023년도 국가공무원 9급 공개경쟁채용 필기시험 합격선 (1).pdf,
국가직,공무원,2023,,공개경쟁,제주,행정직군,행정,우정사업본부 지역,9급,일반,7,77,11.0:1,68,88.3,9.7:1,11,85.00,과목평균,83.00,2023년도 국가공무원 9급 공개경쟁채용 필기시험 합격선 (1).pdf,
국가직,공무원,2023,,공개경쟁,,행정직군,행정,경찰청,9급,일반,407,7531,18.5:1,6017,79.9,14.8:1,499,87.00,과목평균,86.00,2023년도 국가공무원 9급 공개경쟁채용 필기시험 합격선 (1).pdf,
국가직,공무원,2023,,공개경쟁,,행정직군,행정,고용노동,9급,일반,101,1930,19.1:1,1463,75.8,14.5:1,149,88.00,과목평균,87.00,2023년도 국가공무원 9급 공개경쟁채용 필기시험 합격선 (1).pdf,
국가직,공무원,2023,,공개경쟁,,행정직군,행정,교육행정,9급,일반,62,12177,196.4:1,10008,82.2,161.4:1,85,96.00,과목평균,94.00,2023년도 국가공무원 9급 공개경쟁채용 필기시험 합격선 (1).pdf,
국가직,공무원,2023,,공개경쟁,,행정직군,행정,선거행정,9급,일반,72,1051,14.6:1,773,73.5,10.7:1,97,86.00,과목평균,,2023년도 국가공무원 9급 공개경쟁채용 필기시험 합격선 (1).pdf,
국가직,공무원,2023,,공개경쟁,,행정직군,직업상담,직업상담,9급,일반,22,941,42.8:1,692,73.5,31.5:1,31,90.00,과목평균,,2023년도 국가공무원 9급 공개경쟁채용 필기시험 합격선 (1).pdf,
국가직,공무원,2023,,공개경쟁,,행정직군,세무,세무,9급,일반,803,8292,10.3:1,6538,78.8,8.1:1,1021,78.00,과목평균,,2023년도 국가공무원 9급 공개경쟁채용 필기시험 합격선 (1).pdf,
국가직,공무원,2023,,공개경쟁,,행정직군,관세,관세,9급,일반,57,1347,23.6:1,1103,81.9,19.4:1,67,91.00,과목평균,88.00,2023년도 국가공무원 9급 공개경쟁채용 필기시험 합격선 (1).pdf,
국가직,공무원,2023,,공개경쟁,,행정직군,통계,통계,9급,일반,43,593,13.8:1,448,75.5,10.4:1,57,80.00,과목평균,,2023년도 국가공무원 9급 공개경쟁채용 필기시험 합격선 (1).pdf,
국가직,공무원,2023,,공개경쟁,,행정직군,교정,교정,9급,남,907,4854,5.4:1,3823,78.8,4.2:1,1302,58.00,과목평균,,2023년도 국가공무원 9급 공개경쟁채용 필기시험 합격선 (1).pdf,
국가직,공무원,2023,,공개경쟁,,행정직군,교정,교정,9급,여,32,1145,35.8:1,933,81.5,29.2:1,50,80.00,과목평균,,2023년도 국가공무원 9급 공개경쟁채용 필기시험 합격선 (1).pdf,
국가직,공무원,2023,,공개경쟁,,행정직군,보호,보호,9급,남,142,1200,8.5:1,942,78.5,6.6:1,194,67.00,과목평균,,2023년도 국가공무원 9급 공개경쟁채용 필기시험 합격선 (1).pdf,
국가직,공무원,2023,,공개경쟁,,행정직군,보호,보호,9급,여,61,1563,25.6:1,1238,79.2,20.3:1,83,73.00,과목평균,,2023년도 국가공무원 9급 공개경쟁채용 필기시험 합격선 (1).pdf,
국가직,공무원,2023,,공개경쟁,,행정직군,검찰,검찰,9급,일반,274,5660,20.7:1,4517,79.8,16.5:1,351,86.00,과목평균,,2023년도 국가공무원 9급 공개경쟁채용 필기시험 합격선 (1).pdf,
국가직,공무원,2023,,공개경쟁,,행정직군,마약수사,마약수사,9급,일반,15,395,26.3:1,276,69.9,18.4:1,19,84.00,과목평균,,2023년도 국가공무원 9급 공개경쟁채용 필기시험 합격선 (1).pdf,
국가직,공무원,2023,,공개경쟁,,행정직군,출입국관리,출입국관리,9급,일반,12,1356,113.0:1,1086,80.1,90.5:1,17,94.00,과목평균,,2023년도 국가공무원 9급 공개경쟁채용 필기시험 합격선 (1).pdf,
국가직,공무원,2023,,공개경쟁,,행정직군,철도경찰,철도경찰,9급,일반,19,328,17.3:1,241,73.5,12.7:1,25,82.00,과목평균,,2023년도 국가공무원 9급 공개경쟁채용 필기시험 합격선 (1).pdf,
국가직,공무원,2023,,공개경쟁,,기술직군,공업,일반기계,9급,일반,46,1459,31.7:1,1072,73.5,23.3:1,65,84.00,과목평균,81.00,2023년도 국가공무원 9급 공개경쟁채용 필기시험 합격선 (1).pdf,
국가직,공무원,2023,,공개경쟁,,기술직군,공업,전기,9급,일반,43,1581,36.8:1,1108,70.1,25.8:1,68,81.00,과목평균,78.00,2023년도 국가공무원 9급 공개경쟁채용 필기시험 합격선 (1).pdf,
국가직,공무원,2023,,공개경쟁,,기술직군,공업,화공,9급,일반,17,859,50.5:1,689,80.2,40.5:1,24,86.00,과목평균,,2023년도 국가공무원 9급 공개경쟁채용 필기시험 합격선 (1).pdf,
국가직,공무원,2023,,공개경쟁,,기술직군,농업,일반농업,9급,일반,57,2028,35.6:1,1580,77.9,27.7:1,72,90.00,과목평균,89.00,2023년도 국가공무원 9급 공개경쟁채용 필기시험 합격선 (1).pdf,
국가직,공무원,2023,,공개경쟁,,기술직군,임업,산림자원,9급,일반,74,1262,17.1:1,1027,81.4,13.9:1,108,83.00,과목평균,,2023년도 국가공무원 9급 공개경쟁채용 필기시험 합격선 (1).pdf,
국가직,공무원,2023,,공개경쟁,,기술직군,시설,일반토목,9급,일반,75,2788,37.2:1,2117,75.9,28.2:1,111,74.00,과목평균,73.00,2023년도 국가공무원 9급 공개경쟁채용 필기시험 합격선 (1).pdf,
국가직,공무원,2023,,공개경쟁,,기술직군,시설,건축,9급,일반,43,1645,38.3:1,1254,76.2,29.2:1,66,76.00,과목평균,,2023년도 국가공무원 9급 공개경쟁채용 필기시험 합격선 (1).pdf,
국가직,공무원,2023,,공개경쟁,,기술직군,시설,시설조경,9급,일반,6,312,52.0:1,235,75.3,39.2:1,9,85.00,과목평균,82.00,2023년도 국가공무원 9급 공개경쟁채용 필기시험 합격선 (1).pdf,
국가직,공무원,2023,,공개경쟁,,기술직군,방재안전,방재안전,9급,일반,7,287,41.0:1,184,64.1,26.3:1,9,79.00,과목평균,,2023년도 국가공무원 9급 공개경쟁채용 필기시험 합격선 (1).pdf,
국가직,공무원,2023,,공개경쟁,,기술직군,전산,전산개발,9급,일반,117,2322,19.8:1,1745,75.2,14.9:1,170,78.00,과목평균,,2023년도 국가공무원 9급 공개경쟁채용 필기시험 합격선 (1).pdf,
국가직,공무원,2023,,공개경쟁,,기술직군,전산,데이터,9급,일반,13,312,24.0:1,178,57.1,13.7:1,18,76.00,과목평균,,2023년도 국가공무원 9급 공개경쟁채용 필기시험 합격선 (1).pdf,
국가직,공무원,2023,,공개경쟁,,기술직군,전산,정보보호,9급,일반,16,195,12.2:1,135,69.2,8.4:1,22,76.00,과목평균,,2023년도 국가공무원 9급 공개경쟁채용 필기시험 합격선 (1).pdf,
국가직,공무원,2023,,공개경쟁,,기술직군,방송통신,전송기술,9급,일반,67,655,9.8:1,466,71.1,7.0:1,88,65.00,과목평균,,2023년도 국가공무원 9급 공개경쟁채용 필기시험 합격선 (1).pdf,
국가직,공무원,2023,,공개경쟁,,행정직군,행정,일반행정 전국,9급,장애인,37,509,13.8:1,408,80.2,11.0:1,44,53.00,과목평균,,2023년도 국가공무원 9급 공개경쟁채용 필기시험 합격선 (1).pdf,
국가직,공무원,2023,,공개경쟁,강원,행정직군,행정,일반행정 지역,9급,장애인,1,14,14.0:1,13,92.9,13.0:1,0,,,,2023년도 국가공무원 9급 공개경쟁채용 필기시험 합격선 (1).pdf,전원과락
국가직,공무원,2023,,공개경쟁,대전·세종·충남·충북,행정직군,행정,일반행정 지역,9급,장애인,4,44,11.0:1,30,68.2,7.5:1,5,57.00,과목평균,,2023년도 국가공무원 9급 공개경쟁채용 필기시험 합격선 (1).pdf,
국가직,공무원,2023,,공개경쟁,광주·전남,행정직군,행정,일반행정 지역,9급,장애인,3,30,10.0:1,23,76.7,7.7:1,3,55.00,과목평균,,2023년도 국가공무원 9급 공개경쟁채용 필기시험 합격선 (1).pdf,
국가직,공무원,2023,,공개경쟁,전북,행정직군,행정,일반행정 지역,9급,장애인,2,27,13.5:1,25,92.6,12.5:1,0,,,,2023년도 국가공무원 9급 공개경쟁채용 필기시험 합격선 (1).pdf,전원과락
국가직,공무원,2023,,공개경쟁,대구·경북,행정직군,행정,일반행정 지역,9급,장애인,2,42,21.0:1,31,73.8,15.5:1,3,50.00,과목평균,,2023년도 국가공무원 9급 공개경쟁채용 필기시험 합격선 (1).pdf,
국가직,공무원,2023,,공개경쟁,부산,행정직군,행정,일반행정 지역,9급,장애인,1,24,24.0:1,20,83.3,20.0:1,2,64.00,과목평균,,2023년도 국가공무원 9급 공개경쟁채용 필기시험 합격선 (1).pdf,
국가직,공무원,2023,,공개경쟁,울산·경남,행정직군,행정,일반행정 지역,9급,장애인,1,28,28.0:1,24,85.7,24.0:1,2,48.00,과목평균,,2023년도 국가공무원 9급 공개경쟁채용 필기시험 합격선 (1).pdf,
국가직,공무원,2023,,공개경쟁,서울,행정직군,행정,우정사업본부 지역,9급,장애인,8,37,4.6:1,27,73.0,3.4:1,4,58.00,과목평균,,2023년도 국가공무원 9급 공개경쟁채용 필기시험 합격선 (1).pdf,
국가직,공무원,2023,,공개경쟁,인천·경기,행정직군,행정,우정사업본부 지역,9급,장애인,12,51,4.2:1,43,84.3,3.6:1,6,52.00,과목평균,,2023년도 국가공무원 9급 공개경쟁채용 필기시험 합격선 (1).pdf,
국가직,공무원,2023,,공개경쟁,강원,행정직군,행정,우정사업본부 지역,9급,장애인,3,8,2.7:1,3,37.5,1.0:1,0,,,,2023년도 국가공무원 9급 공개경쟁채용 필기시험 합격선 (1).pdf,전원과락
국가직,공무원,2023,,공개경쟁,대전·세종·충남·충북,행정직군,행정,우정사업본부 지역,9급,장애인,10,20,2.0:1,17,85.0,1.7:1,2,68.00,과목평균,,2023년도 국가공무원 9급 공개경쟁채용 필기시험 합격선 (1).pdf,
국가직,공무원,2023,,공개경쟁,광주·전남,행정직군,행정,우정사업본부 지역,9급,장애인,5,17,3.4:1,12,70.6,2.4:1,2,49.00,과목평균,,2023년도 국가공무원 9급 공개경쟁채용 필기시험 합격선 (1).pdf,
국가직,공무원,2023,,공개경쟁,전북,행정직군,행정,우정사업본부 지역,9급,장애인,4,5,1.2:1,2,40.0,0.5:1,1,61.00,과목평균,,2023년도 국가공무원 9급 공개경쟁채용 필기시험 합격선 (1).pdf,
국가직,공무원,2023,,공개경쟁,대구·경북,행정직군,행정,우정사업본부 지역,9급,장애인,7,43,6.1:1,36,83.7,5.1:1,4,56.00,과목평균,,2023년도 국가공무원 9급 공개경쟁채용 필기시험 합격선 (1).pdf,
국가직,공무원,2023,,공개경쟁,부산·울산,행정직군,행정,우정사업본부 지역,9급,장애인,3,21,7.0:1,17,81.0,5.7:1,1,64.00,과목평균,,2023년도 국가공무원 9급 공개경쟁채용 필기시험 합격선 (1).pdf,
국가직,공무원,2023,,공개경쟁,경남,행정직군,행정,우정사업본부 지역,9급,장애인,7,11,1.6:1,10,90.9,1.4:1,2,53.00,과목평균,,2023년도 국가공무원 9급 공개경쟁채용 필기시험 합격선 (1).pdf,
국가직,공무원,2023,,공개경쟁,,행정직군,행정,경찰청,9급,장애인,35,214,6.1:1,171,79.9,4.9:1,33,48.00,과목평균,,2023년도 국가공무원 9급 공개경쟁채용 필기시험 합격선 (1).pdf,
국가직,공무원,2023,,공개경쟁,,행정직군,행정,고용노동,9급,장애인,9,42,4.7:1,34,81.0,3.8:1,4,49.00,과목평균,,2023년도 국가공무원 9급 공개경쟁채용 필기시험 합격선 (1).pdf,
국가직,공무원,2023,,공개경쟁,,행정직군,행정,교육행정,9급,장애인,6,192,32.0:1,155,80.7,25.8:1,9,75.00,과목평균,74.00,2023년도 국가공무원 9급 공개경쟁채용 필기시험 합격선 (1).pdf,
국가직,공무원,2023,,공개경쟁,,행정직군,행정,선거행정,9급,장애인,6,39,6.5:1,30,76.9,5.0:1,7,52.00,과목평균,,2023년도 국가공무원 9급 공개경쟁채용 필기시험 합격선 (1).pdf,
국가직,공무원,2023,,공개경쟁,,행정직군,직업상담,직업상담,9급,장애인,2,11,5.5:1,9,81.8,4.5:1,2,58.00,과목평균,,2023년도 국가공무원 9급 공개경쟁채용 필기시험 합격선 (1).pdf,
국가직,공무원,2023,,공개경쟁,,행정직군,세무,세무,9급,장애인,69,77,1.1:1,54,70.1,0.8:1,12,51.00,과목평균,,2023년도 국가공무원 9급 공개경쟁채용 필기시험 합격선 (1).pdf,
국가직,공무원,2023,,공개경쟁,,행정직군,관세,관세,9급,장애인,5,44,8.8:1,32,72.7,6.4:1,4,57.00,과목평균,,2023년도 국가공무원 9급 공개경쟁채용 필기시험 합격선 (1).pdf,
국가직,공무원,2023,,공개경쟁,,행정직군,통계,통계,9급,장애인,3,11,3.7:1,8,72.7,2.7:1,0,,,,2023년도 국가공무원 9급 공개경쟁채용 필기시험 합격선 (1).pdf,전원과락
국가직,공무원,2023,,공개경쟁,,기술직군,공업,일반기계,9급,장애인,4,9,2.2:1,7,77.8,1.8:1,0,,,,2023년도 국가공무원 9급 공개경쟁채용 필기시험 합격선 (1).pdf,전원과락
국가직,공무원,2023,,공개경쟁,,기술직군,공업,전기,9급,장애인,4,9,2.2:1,7,77.8,1.8:1,2,57.00,과목평균,,2023년도 국가공무원 9급 공개경쟁채용 필기시험 합격선 (1).pdf,
국가직,공무원,2023,,공개경쟁,,기술직군,공업,화공,9급,장애인,1,4,4.0:1,3,75.0,3.0:1,0,,,,2023년도 국가공무원 9급 공개경쟁채용 필기시험 합격선 (1).pdf,전원과락
국가직,공무원,2023,,공개경쟁,,기술직군,농업,일반농업,9급,장애인,4,11,2.8:1,10,90.9,2.5:1,2,61.00,과목평균,,2023년도 국가공무원 9급 공개경쟁채용 필기시험 합격선 (1).pdf,
국가직,공무원,2023,,공개경쟁,,기술직군,임업,산림자원,9급,장애인,5,13,2.6:1,10,76.9,2.0:1,0,,,,2023년도 국가공무원 9급 공개경쟁채용 필기시험 합격선 (1).pdf,전원과락
국가직,공무원,2023,,공개경쟁,,기술직군,시설,일반토목,9급,장애인,7,11,1.6:1,5,45.5,0.7:1,0,,,,2023년도 국가공무원 9급 공개경쟁채용 필기시험 합격선 (1).pdf,전원과락
국가직,공무원,2023,,공개경쟁,,기술직군,시설,건축,9급,장애인,4,15,3.8:1,11,73.3,2.8:1,5,43.00,과목평균,,2023년도 국가공무원 9급 공개경쟁채용 필기시험 합격선 (1).pdf,
국가직,공무원,2023,,공개경쟁,,기술직군,전산,전산개발,9급,장애인,9,33,3.7:1,27,81.8,3.0:1,7,58.00,과목평균,,2023년도 국가공무원 9급 공개경쟁채용 필기시험 합격선 (1).pdf,
국가직,공무원,2023,,공개경쟁,,기술직군,전산,데이터,9급,장애인,1,1,1.0:1,0,0.0,0.0:1,0,,,,2023년도 국가공무원 9급 공개경쟁채용 필기시험 합격선 (1).pdf,미응시
국가직,공무원,2023,,공개경쟁,,기술직군,전산,정보보호,9급,장애인,1,2,2.0:1,1,50.0,1.0:1,0,,,,2023년도 국가공무원 9급 공개경쟁채용 필기시험 합격선 (1).pdf,전원과락
국가직,공무원,2023,,공개경쟁,,기술직군,방송통신,전송기술,9급,장애인,5,4,0.8:1,3,75.0,0.6:1,0,,,,2023년도 국가공무원 9급 공개경쟁채용 필기시험 합격선 (1).pdf,전원과락
국가직,공무원,2023,,공개경쟁,,행정직군,행정,일반행정 전국,9급,저소득층,18,682,37.9:1,497,72.9,27.6:1,22,84.00,과목평균,,2023년도 국가공무원 9급 공개경쟁채용 필기시험 합격선 (1).pdf,
국가직,공무원,2023,,공개경쟁,,행정직군,행정,우정사업본부 전국,9급,저소득층,21,317,15.1:1,232,73.2,11.0:1,31,75.00,과목평균,,2023년도 국가공무원 9급 공개경쟁채용 필기시험 합격선 (1).pdf,
국가직,공무원,2023,,공개경쟁,,행정직군,행정,경찰청,9급,저소득층,13,139,10.7:1,100,71.9,7.7:1,17,76.00,과목평균,,2023년도 국가공무원 9급 공개경쟁채용 필기시험 합격선 (1).pdf,
국가직,공무원,2023,,공개경쟁,,행정직군,행정,고용노동,9급,저소득층,3,75,25.0:1,51,68.0,17.0:1,4,82.00,과목평균,,2023년도 국가공무원 9급 공개경쟁채용 필기시험 합격선 (1).pdf,
국가직,공무원,2023,,공개경쟁,,행정직군,행정,교육행정,9급,저소득층,2,186,93.0:1,130,69.9,65.0:1,3,92.00,과목평균,,2023년도 국가공무원 9급 공개경쟁채용 필기시험 합격선 (1).pdf,
국가직,공무원,2023,,공개경쟁,,행정직군,행정,선거행정,9급,저소득층,2,19,9.5:1,17,89.5,8.5:1,4,78.00,과목평균,,2023년도 국가공무원 9급 공개경쟁채용 필기시험 합격선 (1).pdf,
국가직,공무원,2023,,공개경쟁,,행정직군,직업상담,직업상담,9급,저소득층,1,24,24.0:1,20,83.3,20.0:1,3,78.00,과목평균,,2023년도 국가공무원 9급 공개경쟁채용 필기시험 합격선 (1).pdf,
국가직,공무원,2023,,공개경쟁,,행정직군,세무,세무,9급,저소득층,26,166,6.4:1,130,78.3,5.0:1,33,59.00,과목평균,,2023년도 국가공무원 9급 공개경쟁채용 필기시험 합격선 (1).pdf,
국가직,공무원,2023,,공개경쟁,,행정직군,관세,관세,9급,저소득층,2,23,11.5:1,18,78.3,9.0:1,3,76.00,과목평균,,2023년도 국가공무원 9급 공개경쟁채용 필기시험 합격선 (1).pdf,
국가직,공무원,2023,,공개경쟁,,행정직군,통계,통계,9급,저소득층,1,13,13.0:1,11,84.6,11.0:1,0,,,,2023년도 국가공무원 9급 공개경쟁채용 필기시험 합격선 (1).pdf,전원과락
국가직,공무원,2023,,공개경쟁,,행정직군,교정,교정,9급,저소득층,27,162,6.0:1,119,73.5,4.4:1,23,50.00,과목평균,,2023년도 국가공무원 9급 공개경쟁채용 필기시험 합격선 (1).pdf,
국가직,공무원,2023,,공개경쟁,,행정직군,보호,보호,9급,저소득층,6,98,16.3:1,69,70.4,11.5:1,8,52.00,과목평균,,2023년도 국가공무원 9급 공개경쟁채용 필기시험 합격선 (1).pdf,
국가직,공무원,2023,,공개경쟁,,행정직군,검찰,검찰,9급,저소득층,8,113,14.1:1,89,78.8,11.1:1,12,77.00,과목평균,74.00,2023년도 국가공무원 9급 공개경쟁채용 필기시험 합격선 (1).pdf,
국가직,공무원,2023,,공개경쟁,,행정직군,마약수사,마약수사,9급,저소득층,1,10,10.0:1,8,80.0,8.0:1,2,82.00,과목평균,,2023년도 국가공무원 9급 공개경쟁채용 필기시험 합격선 (1).pdf,
국가직,공무원,2023,,공개경쟁,,행정직군,출입국관리,출입국관리,9급,저소득층,1,26,26.0:1,18,69.2,18.0:1,2,71.00,과목평균,,2023년도 국가공무원 9급 공개경쟁채용 필기시험 합격선 (1).pdf,
국가직,공무원,2023,,공개경쟁,,행정직군,철도경찰,철도경찰,9급,저소득층,1,12,12.0:1,8,66.7,8.0:1,2,57.00,과목평균,,2023년도 국가공무원 9급 공개경쟁채용 필기시험 합격선 (1).pdf,
국가직,공무원,2023,,공개경쟁,,기술직군,공업,일반기계,9급,저소득층,1,19,19.0:1,11,57.9,11.0:1,2,67.00,과목평균,,2023년도 국가공무원 9급 공개경쟁채용 필기시험 합격선 (1).pdf,
국가직,공무원,2023,,공개경쟁,,기술직군,공업,전기,9급,저소득층,1,18,18.0:1,16,88.9,16.0:1,2,71.00,과목평균,,2023년도 국가공무원 9급 공개경쟁채용 필기시험 합격선 (1).pdf,
국가직,공무원,2023,,공개경쟁,,기술직군,공업,화공,9급,저소득층,1,7,7.0:1,5,71.4,5.0:1,2,53.00,과목평균,,2023년도 국가공무원 9급 공개경쟁채용 필기시험 합격선 (1).pdf,
국가직,공무원,2023,,공개경쟁,,기술직군,농업,일반농업,9급,저소득층,2,19,9.5:1,14,73.7,7.0:1,3,66.00,과목평균,,2023년도 국가공무원 9급 공개경쟁채용 필기시험 합격선 (1).pdf,
국가직,공무원,2023,,공개경쟁,,기술직군,임업,산림자원,9급,저소득층,2,24,12.0:1,15,62.5,7.5:1,4,62.00,과목평균,,2023년도 국가공무원 9급 공개경쟁채용 필기시험 합격선 (1).pdf,
국가직,공무원,2023,,공개경쟁,,기술직군,시설,일반토목,9급,저소득층,3,33,11.0:1,25,75.8,8.3:1,4,54.00,과목평균,,2023년도 국가공무원 9급 공개경쟁채용 필기시험 합격선 (1).pdf,
국가직,공무원,2023,,공개경쟁,,기술직군,시설,건축,9급,저소득층,1,21,21.0:1,16,76.2,16.0:1,2,70.00,과목평균,,2023년도 국가공무원 9급 공개경쟁채용 필기시험 합격선 (1).pdf,
국가직,공무원,2023,,공개경쟁,,기술직군,전산,전산개발,9급,저소득층,4,47,11.8:1,31,66.0,7.8:1,6,63.00,과목평균,,2023년도 국가공무원 9급 공개경쟁채용 필기시험 합격선 (1).pdf,
국가직,공무원,2023,,공개경쟁,,기술직군,전산,정보보호,9급,저소득층,1,2,2.0:1,2,100.0,2.0:1,0,,,,2023년도 국가공무원 9급 공개경쟁채용 필기시험 합격선 (1).pdf,전원과락
국가직,공무원,2023,,공개경쟁,,기술직군,방송통신,전송기술,9급,저소득층,2,8,4.0:1,4,50.0,2.0:1,2,63.00,과목평균,,2023년도 국가공무원 9급 공개경쟁채용 필기시험 합격선 (1).pdf,
국가직,공무원,2024,,공개경쟁,,행정직군,행정,일반행정 전국,9급,일반,344,26666,77.5:1,19962,74.9,58.0:1,468,90.00,과목평균,,2024년도 국가공무원 9급 공개경쟁채용 필기시험 합격선 (1).pdf,
국가직,공무원,2024,,공개경쟁,강원,행정직군,행정,일반행정 지역,9급,일반,27,745,27.6:1,564,75.7,20.9:1,34,84.00,과목평균,,2024년도 국가공무원 9급 공개경쟁채용 필기시험 합격선 (1).pdf,
국가직,공무원,2024,,공개경쟁,대전·세종·충남·충북,행정직군,행정,일반행정 지역,9급,일반,43,1674,38.9:1,1302,77.8,30.3:1,59,88.00,과목평균,,2024년도 국가공무원 9급 공개경쟁채용 필기시험 합격선 (1).pdf,
국가직,공무원,2024,,공개경쟁,광주·전남,행정직군,행정,일반행정 지역,9급,일반,36,1425,39.6:1,1133,79.5,31.5:1,51,88.00,과목평균,87.00,2024년도 국가공무원 9급 공개경쟁채용 필기시험 합격선 (1).pdf,
국가직,공무원,2024,,공개경쟁,전북,행정직군,행정,일반행정 지역,9급,일반,12,800,66.7:1,645,80.6,53.8:1,14,88.00,과목평균,,2024년도 국가공무원 9급 공개경쟁채용 필기시험 합격선 (1).pdf,
국가직,공무원,2024,,공개경쟁,대구·경북,행정직군,행정,일반행정 지역,9급,일반,13,1294,99.5:1,997,77.0,76.7:1,18,88.00,과목평균,,2024년도 국가공무원 9급 공개경쟁채용 필기시험 합격선 (1).pdf,
국가직,공무원,2024,,공개경쟁,부산,행정직군,행정,일반행정 지역,9급,일반,4,468,117.0:1,362,77.4,90.5:1,7,91.00,과목평균,,2024년도 국가공무원 9급 공개경쟁채용 필기시험 합격선 (1).pdf,
국가직,공무원,2024,,공개경쟁,울산·경남,행정직군,행정,일반행정 지역,9급,일반,16,999,62.4:1,781,78.2,48.8:1,26,88.00,과목평균,87.00,2024년도 국가공무원 9급 공개경쟁채용 필기시험 합격선 (1).pdf,
국가직,공무원,2024,,공개경쟁,제주,행정직군,행정,일반행정 지역,9급,일반,8,216,27.0:1,176,81.5,22.0:1,11,87.00,과목평균,,2024년도 국가공무원 9급 공개경쟁채용 필기시험 합격선 (1).pdf,
국가직,공무원,2024,,공개경쟁,서울,행정직군,행정,우정사업본부 지역,9급,일반,69,1354,19.6:1,1011,74.7,14.7:1,93,87.00,과목평균,,2024년도 국가공무원 9급 공개경쟁채용 필기시험 합격선 (1).pdf,
국가직,공무원,2024,,공개경쟁,인천·경기,행정직군,행정,우정사업본부 지역,9급,일반,150,2380,15.9:1,1900,79.8,12.7:1,211,86.00,과목평균,,2024년도 국가공무원 9급 공개경쟁채용 필기시험 합격선 (1).pdf,
국가직,공무원,2024,,공개경쟁,강원,행정직군,행정,우정사업본부 지역,9급,일반,24,370,15.4:1,282,76.2,11.8:1,33,84.00,과목평균,,2024년도 국가공무원 9급 공개경쟁채용 필기시험 합격선 (1).pdf,
국가직,공무원,2024,,공개경쟁,대전·세종·충남·충북,행정직군,행정,우정사업본부 지역,9급,일반,89,1355,15.2:1,1141,84.2,12.8:1,140,83.00,과목평균,,2024년도 국가공무원 9급 공개경쟁채용 필기시험 합격선 (1).pdf,
국가직,공무원,2024,,공개경쟁,광주·전남,행정직군,행정,우정사업본부 지역,9급,일반,37,750,20.3:1,624,83.2,16.9:1,55,84.00,과목평균,,2024년도 국가공무원 9급 공개경쟁채용 필기시험 합격선 (1).pdf,
국가직,공무원,2024,,공개경쟁,전북,행정직군,행정,우정사업본부 지역,9급,일반,30,572,19.1:1,480,83.9,16.0:1,43,85.00,과목평균,,2024년도 국가공무원 9급 공개경쟁채용 필기시험 합격선 (1).pdf,
국가직,공무원,2024,,공개경쟁,대구·경북,행정직군,행정,우정사업본부 지역,9급,일반,37,1128,30.5:1,939,83.2,25.4:1,51,88.00,과목평균,,2024년도 국가공무원 9급 공개경쟁채용 필기시험 합격선 (1).pdf,
국가직,공무원,2024,,공개경쟁,부산·울산,행정직군,행정,우정사업본부 지역,9급,일반,14,547,39.1:1,449,82.1,32.1:1,18,89.00,과목평균,,2024년도 국가공무원 9급 공개경쟁채용 필기시험 합격선 (1).pdf,
국가직,공무원,2024,,공개경쟁,경남,행정직군,행정,우정사업본부 지역,9급,일반,39,762,19.5:1,632,82.9,16.2:1,56,86.00,과목평균,,2024년도 국가공무원 9급 공개경쟁채용 필기시험 합격선 (1).pdf,
국가직,공무원,2024,,공개경쟁,제주,행정직군,행정,우정사업본부 지역,9급,일반,8,101,12.6:1,82,81.2,10.2:1,9,83.00,과목평균,,2024년도 국가공무원 9급 공개경쟁채용 필기시험 합격선 (1).pdf,
국가직,공무원,2024,,공개경쟁,,행정직군,행정,경찰청,9급,일반,73,2673,36.6:1,1945,72.8,26.6:1,99,87.00,과목평균,86.00,2024년도 국가공무원 9급 공개경쟁채용 필기시험 합격선 (1).pdf,
국가직,공무원,2024,,공개경쟁,,행정직군,행정,고용노동,9급,일반,20,998,49.9:1,715,71.6,35.8:1,32,92.00,과목평균,,2024년도 국가공무원 9급 공개경쟁채용 필기시험 합격선 (1).pdf,
국가직,공무원,2024,,공개경쟁,,행정직군,행정,교육행정,9급,일반,50,10553,211.1:1,8371,79.3,167.4:1,89,93.00,과목평균,92.00,2024년도 국가공무원 9급 공개경쟁채용 필기시험 합격선 (1).pdf,
국가직,공무원,2024,,공개경쟁,,행정직군,행정,선거행정,9급,일반,56,988,17.6:1,706,71.5,12.6:1,72,86.00,과목평균,,2024년도 국가공무원 9급 공개경쟁채용 필기시험 합격선 (1).pdf,
국가직,공무원,2024,,공개경쟁,,행정직군,직업상담,직업상담,9급,일반,14,571,40.8:1,398,69.7,28.4:1,20,86.00,과목평균,,2024년도 국가공무원 9급 공개경쟁채용 필기시험 합격선 (1).pdf,
국가직,공무원,2024,,공개경쟁,,행정직군,세무,세무,9급,일반,1023,7934,7.8:1,5996,75.6,5.9:1,1264,70.00,과목평균,,2024년도 국가공무원 9급 공개경쟁채용 필기시험 합격선 (1).pdf,
국가직,공무원,2024,,공개경쟁,,행정직군,관세,관세,9급,일반,82,1228,15.0:1,963,78.4,11.7:1,97,85.00,과목평균,82.00,2024년도 국가공무원 9급 공개경쟁채용 필기시험 합격선 (1).pdf,
국가직,공무원,2024,,공개경쟁,,행정직군,통계,통계,9급,일반,86,546,6.3:1,398,72.9,4.6:1,117,75.00,과목평균,,2024년도 국가공무원 9급 공개경쟁채용 필기시험 합격선 (1).pdf,
국가직,공무원,2024,,공개경쟁,,행정직군,교정,교정,9급,남,699,5837,8.4:1,4458,76.4,6.4:1,1030,63.00,과목평균,,2024년도 국가공무원 9급 공개경쟁채용 필기시험 합격선 (1).pdf,
국가직,공무원,2024,,공개경쟁,,행정직군,교정,교정,9급,여,112,1355,12.1:1,1077,79.5,9.6:1,155,73.00,과목평균,,2024년도 국가공무원 9급 공개경쟁채용 필기시험 합격선 (1).pdf,
국가직,공무원,2024,,공개경쟁,,행정직군,보호,보호,9급,남,50,1058,21.2:1,804,76.0,16.1:1,66,82.00,과목평균,,2024년도 국가공무원 9급 공개경쟁채용 필기시험 합격선 (1).pdf,
국가직,공무원,2024,,공개경쟁,,행정직군,보호,보호,9급,여,21,1391,66.2:1,1042,74.9,49.6:1,28,85.00,과목평균,,2024년도 국가공무원 9급 공개경쟁채용 필기시험 합격선 (1).pdf,
국가직,공무원,2024,,공개경쟁,,행정직군,검찰,검찰,9급,일반,245,5187,21.2:1,4113,79.3,16.8:1,324,87.00,과목평균,,2024년도 국가공무원 9급 공개경쟁채용 필기시험 합격선 (1).pdf,
국가직,공무원,2024,,공개경쟁,,행정직군,마약수사,마약수사,9급,일반,31,607,19.6:1,424,69.9,13.7:1,35,85.00,과목평균,,2024년도 국가공무원 9급 공개경쟁채용 필기시험 합격선 (1).pdf,
국가직,공무원,2024,,공개경쟁,,행정직군,출입국관리,출입국관리,9급,일반,165,1953,11.8:1,1384,70.9,8.4:1,218,82.00,과목평균,79.00,2024년도 국가공무원 9급 공개경쟁채용 필기시험 합격선 (1).pdf,
국가직,공무원,2024,,공개경쟁,,행정직군,철도경찰,철도경찰,9급,일반,23,246,10.7:1,164,66.7,7.1:1,32,77.00,과목평균,76.00,2024년도 국가공무원 9급 공개경쟁채용 필기시험 합격선 (1).pdf,
국가직,공무원,2024,,공개경쟁,,기술직군,공업,일반기계,9급,일반,59,1030,17.5:1,707,68.6,12.0:1,84,81.00,과목평균,79.00,2024년도 국가공무원 9급 공개경쟁채용 필기시험 합격선 (1).pdf,
국가직,공무원,2024,,공개경쟁,,기술직군,공업,전기,9급,일반,40,1239,31.0:1,833,67.2,20.8:1,57,85.00,과목평균,82.00,2024년도 국가공무원 9급 공개경쟁채용 필기시험 합격선 (1).pdf,
국가직,공무원,2024,,공개경쟁,,기술직군,공업,화공,9급,일반,10,615,61.5:1,455,74.0,45.5:1,13,87.00,과목평균,,2024년도 국가공무원 9급 공개경쟁채용 필기시험 합격선 (1).pdf,
국가직,공무원,2024,,공개경쟁,,기술직군,농업,일반농업,9급,일반,75,1621,21.6:1,1223,75.4,16.3:1,96,84.00,과목평균,,2024년도 국가공무원 9급 공개경쟁채용 필기시험 합격선 (1).pdf,
국가직,공무원,2024,,공개경쟁,,기술직군,임업,산림자원,9급,일반,91,1069,11.7:1,821,76.8,9.0:1,129,80.00,과목평균,,2024년도 국가공무원 9급 공개경쟁채용 필기시험 합격선 (1).pdf,
국가직,공무원,2024,,공개경쟁,,기술직군,시설,일반토목,9급,일반,70,2337,33.4:1,1720,73.6,24.6:1,90,74.00,과목평균,71.00,2024년도 국가공무원 9급 공개경쟁채용 필기시험 합격선 (1).pdf,
국가직,공무원,2024,,공개경쟁,,기술직군,시설,건축,9급,일반,27,1380,51.1:1,980,71.0,36.3:1,37,77.00,과목평균,,2024년도 국가공무원 9급 공개경쟁채용 필기시험 합격선 (1).pdf,
국가직,공무원,2024,,공개경쟁,,기술직군,시설,시설조경,9급,일반,3,238,79.3:1,167,70.2,55.7:1,6,88.00,과목평균,,2024년도 국가공무원 9급 공개경쟁채용 필기시험 합격선 (1).pdf,
국가직,공무원,2024,,공개경쟁,,기술직군,방재안전,방재안전,9급,일반,10,270,27.0:1,171,63.3,17.1:1,14,79.00,과목평균,,2024년도 국가공무원 9급 공개경쟁채용 필기시험 합격선 (1).pdf,
국가직,공무원,2024,,공개경쟁,,기술직군,전산,전산개발,9급,일반,118,2264,19.2:1,1619,71.5,13.7:1,177,84.00,과목평균,,2024년도 국가공무원 9급 공개경쟁채용 필기시험 합격선 (1).pdf,
국가직,공무원,2024,,공개경쟁,,기술직군,전산,데이터,9급,일반,14,281,20.1:1,182,64.8,13.0:1,20,81.00,과목평균,79.00,2024년도 국가공무원 9급 공개경쟁채용 필기시험 합격선 (1).pdf,
국가직,공무원,2024,,공개경쟁,,기술직군,전산,정보보호,9급,일반,19,217,11.4:1,137,63.1,7.2:1,26,72.00,과목평균,,2024년도 국가공무원 9급 공개경쟁채용 필기시험 합격선 (1).pdf,
국가직,공무원,2024,,공개경쟁,,기술직군,방송통신,전송기술,9급,일반,57,585,10.3:1,370,63.2,6.5:1,78,63.00,과목평균,,2024년도 국가공무원 9급 공개경쟁채용 필기시험 합격선 (1).pdf,
국가직,공무원,2024,,공개경쟁,,행정직군,행정,일반행정 전국,9급,장애인,34,540,15.9:1,400,74.1,11.8:1,46,59.00,과목평균,,2024년도 국가공무원 9급 공개경쟁채용 필기시험 합격선 (1).pdf,
국가직,공무원,2024,,공개경쟁,강원,행정직군,행정,일반행정 지역,9급,장애인,3,18,6.0:1,16,88.9,5.3:1,3,59.00,과목평균,,2024년도 국가공무원 9급 공개경쟁채용 필기시험 합격선 (1).pdf,
국가직,공무원,2024,,공개경쟁,대전·세종·충남·충북,행정직군,행정,일반행정 지역,9급,장애인,4,48,12.0:1,41,85.4,10.2:1,5,61.00,과목평균,,2024년도 국가공무원 9급 공개경쟁채용 필기시험 합격선 (1).pdf,
국가직,공무원,2024,,공개경쟁,광주·전남,행정직군,행정,일반행정 지역,9급,장애인,4,42,10.5:1,29,69.0,7.2:1,2,51.00,과목평균,,2024년도 국가공무원 9급 공개경쟁채용 필기시험 합격선 (1).pdf,
국가직,공무원,2024,,공개경쟁,전북,행정직군,행정,일반행정 지역,9급,장애인,1,30,30.0:1,24,80.0,24.0:1,2,74.00,과목평균,,2024년도 국가공무원 9급 공개경쟁채용 필기시험 합격선 (1).pdf,
국가직,공무원,2024,,공개경쟁,대구·경북,행정직군,행정,일반행정 지역,9급,장애인,1,27,27.0:1,19,70.4,19.0:1,2,63.00,과목평균,,2024년도 국가공무원 9급 공개경쟁채용 필기시험 합격선 (1).pdf,
국가직,공무원,2024,,공개경쟁,울산·경남,행정직군,행정,일반행정 지역,9급,장애인,1,25,25.0:1,19,76.0,19.0:1,3,56.00,과목평균,,2024년도 국가공무원 9급 공개경쟁채용 필기시험 합격선 (1).pdf,
국가직,공무원,2024,,공개경쟁,제주,행정직군,행정,일반행정 지역,9급,장애인,1,5,5.0:1,2,40.0,2.0:1,0,,,,2024년도 국가공무원 9급 공개경쟁채용 필기시험 합격선 (1).pdf,전원과락
국가직,공무원,2024,,공개경쟁,서울,행정직군,행정,우정사업본부 지역,9급,장애인,7,51,7.3:1,38,74.5,5.4:1,10,57.00,과목평균,,2024년도 국가공무원 9급 공개경쟁채용 필기시험 합격선 (1).pdf,
국가직,공무원,2024,,공개경쟁,인천·경기,행정직군,행정,우정사업본부 지역,9급,장애인,14,61,4.4:1,46,75.4,3.3:1,13,49.00,과목평균,,2024년도 국가공무원 9급 공개경쟁채용 필기시험 합격선 (1).pdf,
국가직,공무원,2024,,공개경쟁,강원,행정직군,행정,우정사업본부 지역,9급,장애인,2,5,2.5:1,5,100.0,2.5:1,0,,,,2024년도 국가공무원 9급 공개경쟁채용 필기시험 합격선 (1).pdf,전원과락
국가직,공무원,2024,,공개경쟁,대전·세종·충남·충북,행정직군,행정,우정사업본부 지역,9급,장애인,8,15,1.9:1,12,80.0,1.5:1,0,,,,2024년도 국가공무원 9급 공개경쟁채용 필기시험 합격선 (1).pdf,전원과락
국가직,공무원,2024,,공개경쟁,광주·전남,행정직군,행정,우정사업본부 지역,9급,장애인,3,11,3.7:1,10,90.9,3.3:1,1,49.00,과목평균,,2024년도 국가공무원 9급 공개경쟁채용 필기시험 합격선 (1).pdf,
국가직,공무원,2024,,공개경쟁,전북,행정직군,행정,우정사업본부 지역,9급,장애인,3,4,1.3:1,4,100.0,1.3:1,0,,,,2024년도 국가공무원 9급 공개경쟁채용 필기시험 합격선 (1).pdf,전원과락
국가직,공무원,2024,,공개경쟁,대구·경북,행정직군,행정,우정사업본부 지역,9급,장애인,4,30,7.5:1,24,80.0,6.0:1,3,52.00,과목평균,,2024년도 국가공무원 9급 공개경쟁채용 필기시험 합격선 (1).pdf,
국가직,공무원,2024,,공개경쟁,부산·울산,행정직군,행정,우정사업본부 지역,9급,장애인,1,14,14.0:1,11,78.6,11.0:1,2,69.00,과목평균,,2024년도 국가공무원 9급 공개경쟁채용 필기시험 합격선 (1).pdf,
국가직,공무원,2024,,공개경쟁,경남,행정직군,행정,우정사업본부 지역,9급,장애인,4,12,3.0:1,11,91.7,2.8:1,1,58.00,과목평균,,2024년도 국가공무원 9급 공개경쟁채용 필기시험 합격선 (1).pdf,
국가직,공무원,2024,,공개경쟁,,행정직군,행정,경찰청,9급,장애인,7,109,15.6:1,77,70.6,11.0:1,10,59.00,과목평균,,2024년도 국가공무원 9급 공개경쟁채용 필기시험 합격선 (1).pdf,
국가직,공무원,2024,,공개경쟁,,행정직군,행정,고용노동,9급,장애인,2,26,13.0:1,20,76.9,10.0:1,3,67.00,과목평균,,2024년도 국가공무원 9급 공개경쟁채용 필기시험 합격선 (1).pdf,
국가직,공무원,2024,,공개경쟁,,행정직군,행정,교육행정,9급,장애인,4,190,47.5:1,148,77.9,37.0:1,7,76.00,과목평균,,2024년도 국가공무원 9급 공개경쟁채용 필기시험 합격선 (1).pdf,
국가직,공무원,2024,,공개경쟁,,행정직군,행정,선거행정,9급,장애인,5,46,9.2:1,28,60.9,5.6:1,3,51.00,과목평균,,2024년도 국가공무원 9급 공개경쟁채용 필기시험 합격선 (1).pdf,
국가직,공무원,2024,,공개경쟁,,행정직군,직업상담,직업상담,9급,장애인,1,16,16.0:1,10,62.5,10.0:1,2,57.00,과목평균,,2024년도 국가공무원 9급 공개경쟁채용 필기시험 합격선 (1).pdf,
국가직,공무원,2024,,공개경쟁,,행정직군,세무,세무,9급,장애인,94,75,0.8:1,49,65.3,0.5:1,10,50.00,과목평균,,2024년도 국가공무원 9급 공개경쟁채용 필기시험 합격선 (1).pdf,
국가직,공무원,2024,,공개경쟁,,행정직군,관세,관세,9급,장애인,8,42,5.2:1,29,69.0,3.6:1,5,50.00,과목평균,,2024년도 국가공무원 9급 공개경쟁채용 필기시험 합격선 (1).pdf,
국가직,공무원,2024,,공개경쟁,,행정직군,통계,통계,9급,장애인,7,11,1.6:1,7,63.6,1.0:1,1,73.00,과목평균,,2024년도 국가공무원 9급 공개경쟁채용 필기시험 합격선 (1).pdf,
국가직,공무원,2024,,공개경쟁,,기술직군,공업,일반기계,9급,장애인,5,9,1.8:1,6,66.7,1.2:1,1,66.00,과목평균,,2024년도 국가공무원 9급 공개경쟁채용 필기시험 합격선 (1).pdf,
국가직,공무원,2024,,공개경쟁,,기술직군,공업,전기,9급,장애인,4,12,3.0:1,10,83.3,2.5:1,1,59.00,과목평균,,2024년도 국가공무원 9급 공개경쟁채용 필기시험 합격선 (1).pdf,
국가직,공무원,2024,,공개경쟁,,기술직군,공업,화공,9급,장애인,1,0,0.0:1,0,,0.0:1,0,,,,2024년도 국가공무원 9급 공개경쟁채용 필기시험 합격선 (1).pdf,미출원
국가직,공무원,2024,,공개경쟁,,기술직군,농업,일반농업,9급,장애인,7,18,2.6:1,16,88.9,2.3:1,2,57.00,과목평균,,2024년도 국가공무원 9급 공개경쟁채용 필기시험 합격선 (1).pdf,
국가직,공무원,2024,,공개경쟁,,기술직군,임업,산림자원,9급,장애인,6,11,1.8:1,9,81.8,1.5:1,2,55.00,과목평균,,2024년도 국가공무원 9급 공개경쟁채용 필기시험 합격선 (1).pdf,
국가직,공무원,2024,,공개경쟁,,기술직군,시설,일반토목,9급,장애인,6,8,1.3:1,7,87.5,1.2:1,0,,,,2024년도 국가공무원 9급 공개경쟁채용 필기시험 합격선 (1).pdf,전원과락
국가직,공무원,2024,,공개경쟁,,기술직군,시설,건축,9급,장애인,3,13,4.3:1,8,61.5,2.7:1,0,,,,2024년도 국가공무원 9급 공개경쟁채용 필기시험 합격선 (1).pdf,전원과락
국가직,공무원,2024,,공개경쟁,,기술직군,전산,전산개발,9급,장애인,9,32,3.6:1,23,71.9,2.6:1,8,56.00,과목평균,,2024년도 국가공무원 9급 공개경쟁채용 필기시험 합격선 (1).pdf,
국가직,공무원,2024,,공개경쟁,,기술직군,전산,데이터,9급,장애인,1,7,7.0:1,4,57.1,4.0:1,0,,,,2024년도 국가공무원 9급 공개경쟁채용 필기시험 합격선 (1).pdf,전원과락
국가직,공무원,2024,,공개경쟁,,기술직군,전산,정보보호,9급,장애인,1,3,3.0:1,2,66.7,2.0:1,0,,,,2024년도 국가공무원 9급 공개경쟁채용 필기시험 합격선 (1).pdf,전원과락
국가직,공무원,2024,,공개경쟁,,기술직군,방송통신,전송기술,9급,장애인,5,6,1.2:1,6,100.0,1.2:1,0,,,,2024년도 국가공무원 9급 공개경쟁채용 필기시험 합격선 (1).pdf,전원과락
국가직,공무원,2024,,공개경쟁,,행정직군,행정,일반행정 전국,9급,저소득층,13,550,42.3:1,395,71.8,30.4:1,19,83.00,과목평균,,2024년도 국가공무원 9급 공개경쟁채용 필기시험 합격선 (1).pdf,
국가직,공무원,2024,,공개경쟁,,행정직군,행정,우정사업본부 전국,9급,저소득층,17,255,15.0:1,193,75.7,11.4:1,23,78.00,과목평균,,2024년도 국가공무원 9급 공개경쟁채용 필기시험 합격선 (1).pdf,
국가직,공무원,2024,,공개경쟁,,행정직군,행정,경찰청,9급,저소득층,3,73,24.3:1,46,63.0,15.3:1,4,74.00,과목평균,,2024년도 국가공무원 9급 공개경쟁채용 필기시험 합격선 (1).pdf,
국가직,공무원,2024,,공개경쟁,,행정직군,행정,고용노동,9급,저소득층,1,37,37.0:1,25,67.6,25.0:1,2,79.00,과목평균,,2024년도 국가공무원 9급 공개경쟁채용 필기시험 합격선 (1).pdf,
국가직,공무원,2024,,공개경쟁,,행정직군,행정,교육행정,9급,저소득층,2,156,78.0:1,110,70.5,55.0:1,6,84.00,과목평균,,2024년도 국가공무원 9급 공개경쟁채용 필기시험 합격선 (1).pdf,
국가직,공무원,2024,,공개경쟁,,행정직군,행정,선거행정,9급,저소득층,2,23,11.5:1,12,52.2,6.0:1,4,64.00,과목평균,,2024년도 국가공무원 9급 공개경쟁채용 필기시험 합격선 (1).pdf,
국가직,공무원,2024,,공개경쟁,,행정직군,세무,세무,9급,저소득층,33,187,5.7:1,137,73.3,4.2:1,39,48.00,과목평균,,2024년도 국가공무원 9급 공개경쟁채용 필기시험 합격선 (1).pdf,
국가직,공무원,2024,,공개경쟁,,행정직군,관세,관세,9급,저소득층,3,33,11.0:1,30,90.9,10.0:1,4,73.00,과목평균,,2024년도 국가공무원 9급 공개경쟁채용 필기시험 합격선 (1).pdf,
국가직,공무원,2024,,공개경쟁,,행정직군,통계,통계,9급,저소득층,3,24,8.0:1,15,62.5,5.0:1,4,62.00,과목평균,,2024년도 국가공무원 9급 공개경쟁채용 필기시험 합격선 (1).pdf,
국가직,공무원,2024,,공개경쟁,,행정직군,교정,교정,9급,저소득층,25,194,7.8:1,146,75.3,5.8:1,33,49.00,과목평균,,2024년도 국가공무원 9급 공개경쟁채용 필기시험 합격선 (1).pdf,
국가직,공무원,2024,,공개경쟁,,행정직군,보호,보호,9급,저소득층,2,88,44.0:1,63,71.6,31.5:1,5,76.00,과목평균,,2024년도 국가공무원 9급 공개경쟁채용 필기시험 합격선 (1).pdf,
국가직,공무원,2024,,공개경쟁,,행정직군,검찰,검찰,9급,저소득층,7,124,17.7:1,91,73.4,13.0:1,9,80.00,과목평균,,2024년도 국가공무원 9급 공개경쟁채용 필기시험 합격선 (1).pdf,
국가직,공무원,2024,,공개경쟁,,행정직군,마약수사,마약수사,9급,저소득층,1,10,10.0:1,6,60.0,6.0:1,1,60.00,과목평균,,2024년도 국가공무원 9급 공개경쟁채용 필기시험 합격선 (1).pdf,
국가직,공무원,2024,,공개경쟁,,행정직군,출입국관리,출입국관리,9급,저소득층,5,80,16.0:1,55,68.8,11.0:1,7,79.00,과목평균,,2024년도 국가공무원 9급 공개경쟁채용 필기시험 합격선 (1).pdf,
국가직,공무원,2024,,공개경쟁,,행정직군,철도경찰,철도경찰,9급,저소득층,1,11,11.0:1,9,81.8,9.0:1,2,61.00,과목평균,,2024년도 국가공무원 9급 공개경쟁채용 필기시험 합격선 (1).pdf,
국가직,공무원,2024,,공개경쟁,,기술직군,공업,일반기계,9급,저소득층,1,10,10.0:1,6,60.0,6.0:1,1,75.00,과목평균,,2024년도 국가공무원 9급 공개경쟁채용 필기시험 합격선 (1).pdf,
국가직,공무원,2024,,공개경쟁,,기술직군,공업,전기,9급,저소득층,1,7,7.0:1,3,42.9,3.0:1,2,53.00,과목평균,,2024년도 국가공무원 9급 공개경쟁채용 필기시험 합격선 (1).pdf,
국가직,공무원,2024,,공개경쟁,,기술직군,농업,일반농업,9급,저소득층,3,21,7.0:1,14,66.7,4.7:1,4,57.00,과목평균,,2024년도 국가공무원 9급 공개경쟁채용 필기시험 합격선 (1).pdf,
국가직,공무원,2024,,공개경쟁,,기술직군,임업,산림자원,9급,저소득층,3,22,7.3:1,17,77.3,5.7:1,4,54.00,과목평균,,2024년도 국가공무원 9급 공개경쟁채용 필기시험 합격선 (1).pdf,
국가직,공무원,2024,,공개경쟁,,기술직군,시설,일반토목,9급,저소득층,3,23,7.7:1,15,65.2,5.0:1,4,62.00,과목평균,,2024년도 국가공무원 9급 공개경쟁채용 필기시험 합격선 (1).pdf,
국가직,공무원,2024,,공개경쟁,,기술직군,시설,건축,9급,저소득층,1,21,21.0:1,12,57.1,12.0:1,2,66.00,과목평균,,2024년도 국가공무원 9급 공개경쟁채용 필기시험 합격선 (1).pdf,
국가직,공무원,2024,,공개경쟁,,기술직군,전산,전산개발,9급,저소득층,4,42,10.5:1,30,71.4,7.5:1,6,76.00,과목평균,,2024년도 국가공무원 9급 공개경쟁채용 필기시험 합격선 (1).pdf,
국가직,공무원,2024,,공개경쟁,,기술직군,방송통신,전송기술,9급,저소득층,1,6,6.0:1,2,33.3,2.0:1,2,59.00,과목평균,,2024년도 국가공무원 9급 공개경쟁채용 필기시험 합격선 (1).pdf,
국가직,공무원,2025,,공개경쟁,,기술직군,공업,일반기계,9급,일반,61,1009,16.5:1,655,64.9,10.7:1,82,84.00,과목평균,81.00,2025년도 국가공무원 9급 공개경쟁채용 필기시험 합격선 (2).pdf,
국가직,공무원,2025,,공개경쟁,,기술직군,공업,전기,9급,일반,35,1171,33.5:1,775,66.2,22.1:1,49,87.00,과목평균,,2025년도 국가공무원 9급 공개경쟁채용 필기시험 합격선 (2).pdf,
국가직,공무원,2025,,공개경쟁,,기술직군,공업,화공,9급,일반,11,519,47.2:1,369,71.1,33.5:1,19,89.00,과목평균,,2025년도 국가공무원 9급 공개경쟁채용 필기시험 합격선 (2).pdf,
국가직,공무원,2025,,공개경쟁,,기술직군,농업,일반농업,9급,일반,69,1579,22.9:1,1126,71.3,16.3:1,85,92.00,과목평균,,2025년도 국가공무원 9급 공개경쟁채용 필기시험 합격선 (2).pdf,
국가직,공무원,2025,,공개경쟁,,기술직군,임업,산림자원,9급,일반,116,1198,10.3:1,931,77.7,8.0:1,164,79.00,과목평균,,2025년도 국가공무원 9급 공개경쟁채용 필기시험 합격선 (2).pdf,
국가직,공무원,2025,,공개경쟁,,기술직군,환경,일반환경,9급,일반,43,1049,24.4:1,701,66.8,16.3:1,58,86.00,과목평균,,2025년도 국가공무원 9급 공개경쟁채용 필기시험 합격선 (2).pdf,
국가직,공무원,2025,,공개경쟁,,기술직군,시설,일반토목,9급,일반,57,2465,43.2:1,1770,71.8,31.1:1,83,79.00,과목평균,77.00,2025년도 국가공무원 9급 공개경쟁채용 필기시험 합격선 (2).pdf,
국가직,공무원,2025,,공개경쟁,,기술직군,시설,건축,9급,일반,50,1542,30.8:1,1103,71.5,22.1:1,72,83.00,과목평균,,2025년도 국가공무원 9급 공개경쟁채용 필기시험 합격선 (2).pdf,
국가직,공무원,2025,,공개경쟁,,기술직군,시설,시설조경,9급,일반,2,198,99.0:1,149,75.3,74.5:1,3,95.00,과목평균,,2025년도 국가공무원 9급 공개경쟁채용 필기시험 합격선 (2).pdf,
국가직,공무원,2025,,공개경쟁,,기술직군,방재안전,방재안전,9급,일반,8,316,39.5:1,198,62.7,24.8:1,10,86.00,과목평균,,2025년도 국가공무원 9급 공개경쟁채용 필기시험 합격선 (2).pdf,
국가직,공무원,2025,,공개경쟁,,기술직군,전산,전산개발,9급,일반,106,2711,25.6:1,1950,71.9,18.4:1,136,93.00,과목평균,,2025년도 국가공무원 9급 공개경쟁채용 필기시험 합격선 (2).pdf,
국가직,공무원,2025,,공개경쟁,,기술직군,전산,데이터,9급,일반,11,375,34.1:1,211,56.3,19.2:1,17,91.00,과목평균,90.00,2025년도 국가공무원 9급 공개경쟁채용 필기시험 합격선 (2).pdf,
국가직,공무원,2025,,공개경쟁,,기술직군,전산,정보보호,9급,일반,15,327,21.8:1,195,59.6,13.0:1,21,91.00,과목평균,,2025년도 국가공무원 9급 공개경쟁채용 필기시험 합격선 (2).pdf,
국가직,공무원,2025,,공개경쟁,,기술직군,방송통신,전송기술,9급,일반,46,663,14.4:1,441,66.5,9.6:1,56,81.00,과목평균,79.00,2025년도 국가공무원 9급 공개경쟁채용 필기시험 합격선 (2).pdf,
국가직,공무원,2025,,공개경쟁,,행정직군,행정,일반행정 전국,9급,일반,342,22447,65.6:1,16893,75.3,49.4:1,436,93.00,과목평균,,2025년도 국가공무원 9급 공개경쟁채용 필기시험 합격선 (2).pdf,
국가직,공무원,2025,,공개경쟁,강원,행정직군,행정,일반행정 지역,9급,일반,34,945,27.8:1,713,75.4,21.0:1,44,89.00,과목평균,,2025년도 국가공무원 9급 공개경쟁채용 필기시험 합격선 (2).pdf,
국가직,공무원,2025,,공개경쟁,대전·세종·충남·충북,행정직군,행정,일반행정 지역,9급,일반,23,1710,74.3:1,1322,77.3,57.5:1,28,92.00,과목평균,,2025년도 국가공무원 9급 공개경쟁채용 필기시험 합격선 (2).pdf,
국가직,공무원,2025,,공개경쟁,광주·전남,행정직군,행정,일반행정 지역,9급,일반,37,1372,37.1:1,1078,78.6,29.1:1,46,92.00,과목평균,,2025년도 국가공무원 9급 공개경쟁채용 필기시험 합격선 (2).pdf,
국가직,공무원,2025,,공개경쟁,전북,행정직군,행정,일반행정 지역,9급,일반,13,884,68.0:1,699,79.1,53.8:1,18,91.00,과목평균,,2025년도 국가공무원 9급 공개경쟁채용 필기시험 합격선 (2).pdf,
국가직,공무원,2025,,공개경쟁,대구·경북,행정직군,행정,일반행정 지역,9급,일반,24,1522,63.4:1,1135,74.6,47.3:1,27,93.00,과목평균,,2025년도 국가공무원 9급 공개경쟁채용 필기시험 합격선 (2).pdf,
국가직,공무원,2025,,공개경쟁,부산,행정직군,행정,일반행정 지역,9급,일반,3,539,179.7:1,375,69.6,125.0:1,4,94.00,과목평균,,2025년도 국가공무원 9급 공개경쟁채용 필기시험 합격선 (2).pdf,
국가직,공무원,2025,,공개경쟁,울산·경남,행정직군,행정,일반행정 지역,9급,일반,24,1282,53.4:1,1011,78.9,42.1:1,36,92.00,과목평균,,2025년도 국가공무원 9급 공개경쟁채용 필기시험 합격선 (2).pdf,
국가직,공무원,2025,,공개경쟁,제주,행정직군,행정,일반행정 지역,9급,일반,6,248,41.3:1,184,74.2,30.7:1,8,92.00,과목평균,,2025년도 국가공무원 9급 공개경쟁채용 필기시험 합격선 (2).pdf,
국가직,공무원,2025,,공개경쟁,서울,행정직군,행정,우정사업본부 지역,9급,일반,42,1310,31.2:1,972,74.2,23.1:1,65,92.00,과목평균,,2025년도 국가공무원 9급 공개경쟁채용 필기시험 합격선 (2).pdf,
국가직,공무원,2025,,공개경쟁,인천·경기,행정직군,행정,우정사업본부 지역,9급,일반,64,1735,27.1:1,1326,76.4,20.7:1,100,90.00,과목평균,,2025년도 국가공무원 9급 공개경쟁채용 필기시험 합격선 (2).pdf,
국가직,공무원,2025,,공개경쟁,강원,행정직군,행정,우정사업본부 지역,9급,일반,16,229,14.3:1,172,75.1,10.8:1,23,84.00,과목평균,,2025년도 국가공무원 9급 공개경쟁채용 필기시험 합격선 (2).pdf,
국가직,공무원,2025,,공개경쟁,대전·세종·충남·충북,행정직군,행정,우정사업본부 지역,9급,일반,51,1216,23.8:1,977,80.3,19.2:1,72,89.00,과목평균,,2025년도 국가공무원 9급 공개경쟁채용 필기시험 합격선 (2).pdf,
국가직,공무원,2025,,공개경쟁,광주·전남,행정직군,행정,우정사업본부 지역,9급,일반,34,739,21.7:1,586,79.3,17.2:1,46,88.00,과목평균,,2025년도 국가공무원 9급 공개경쟁채용 필기시험 합격선 (2).pdf,
국가직,공무원,2025,,공개경쟁,전북,행정직군,행정,우정사업본부 지역,9급,일반,25,529,21.2:1,429,81.1,17.2:1,36,88.00,과목평균,,2025년도 국가공무원 9급 공개경쟁채용 필기시험 합격선 (2).pdf,
국가직,공무원,2025,,공개경쟁,대구·경북,행정직군,행정,우정사업본부 지역,9급,일반,50,1051,21.0:1,843,80.2,16.9:1,63,89.00,과목평균,,2025년도 국가공무원 9급 공개경쟁채용 필기시험 합격선 (2).pdf,
국가직,공무원,2025,,공개경쟁,부산·울산,행정직군,행정,우정사업본부 지역,9급,일반,10,392,39.2:1,290,74.0,29.0:1,14,90.00,과목평균,,2025년도 국가공무원 9급 공개경쟁채용 필기시험 합격선 (2).pdf,
국가직,공무원,2025,,공개경쟁,경남,행정직군,행정,우정사업본부 지역,9급,일반,22,604,27.5:1,490,81.1,22.3:1,29,89.00,과목평균,,2025년도 국가공무원 9급 공개경쟁채용 필기시험 합격선 (2).pdf,
국가직,공무원,2025,,공개경쟁,제주,행정직군,행정,우정사업본부 지역,9급,일반,3,74,24.7:1,57,77.0,19.0:1,4,87.00,과목평균,,2025년도 국가공무원 9급 공개경쟁채용 필기시험 합격선 (2).pdf,
국가직,공무원,2025,,공개경쟁,,행정직군,행정,경찰청 전국,9급,일반,158,4365,27.6:1,3321,76.1,21.0:1,181,91.00,과목평균,,2025년도 국가공무원 9급 공개경쟁채용 필기시험 합격선 (2).pdf,
국가직,공무원,2025,,공개경쟁,,행정직군,행정,고용노동,9급,일반,30,773,25.8:1,515,66.6,17.2:1,42,91.00,과목평균,,2025년도 국가공무원 9급 공개경쟁채용 필기시험 합격선 (2).pdf,
국가직,공무원,2025,,공개경쟁,,행정직군,행정,교육행정,9급,일반,31,11256,363.1:1,8811,78.3,284.2:1,40,97.00,과목평균,96.00,2025년도 국가공무원 9급 공개경쟁채용 필기시험 합격선 (2).pdf,
국가직,공무원,2025,,공개경쟁,,행정직군,행정,선거행정,9급,일반,56,1132,20.2:1,795,70.2,14.2:1,70,91.00,과목평균,,2025년도 국가공무원 9급 공개경쟁채용 필기시험 합격선 (2).pdf,
국가직,공무원,2025,,공개경쟁,,행정직군,직업상담,직업상담,9급,일반,15,567,37.8:1,364,64.2,24.3:1,21,91.00,과목평균,89.00,2025년도 국가공무원 9급 공개경쟁채용 필기시험 합격선 (2).pdf,
국가직,공무원,2025,,공개경쟁,,행정직군,세무,세무,9급,일반,875,8430,9.6:1,6358,75.4,7.3:1,1036,80.00,과목평균,,2025년도 국가공무원 9급 공개경쟁채용 필기시험 합격선 (2).pdf,
국가직,공무원,2025,,공개경쟁,,행정직군,관세,관세,9급,일반,106,1515,14.3:1,1173,77.4,11.1:1,126,88.00,과목평균,85.00,2025년도 국가공무원 9급 공개경쟁채용 필기시험 합격선 (2).pdf,
국가직,공무원,2025,,공개경쟁,,행정직군,통계,통계,9급,일반,90,722,8.0:1,549,76.0,6.1:1,112,85.00,과목평균,,2025년도 국가공무원 9급 공개경쟁채용 필기시험 합격선 (2).pdf,
국가직,공무원,2025,,공개경쟁,,행정직군,교정,교정,9급,남,583,6474,11.1:1,4912,75.9,8.4:1,818,80.00,과목평균,,2025년도 국가공무원 9급 공개경쟁채용 필기시험 합격선 (2).pdf,
국가직,공무원,2025,,공개경쟁,,행정직군,교정,교정,9급,여,82,1570,19.1:1,1268,80.8,15.5:1,115,87.00,과목평균,,2025년도 국가공무원 9급 공개경쟁채용 필기시험 합격선 (2).pdf,
국가직,공무원,2025,,공개경쟁,,행정직군,보호,보호,9급,남,39,678,17.4:1,489,72.1,12.5:1,54,82.00,과목평균,,2025년도 국가공무원 9급 공개경쟁채용 필기시험 합격선 (2).pdf,
국가직,공무원,2025,,공개경쟁,,행정직군,보호,보호,9급,여,17,915,53.8:1,667,72.9,39.2:1,22,88.00,과목평균,,2025년도 국가공무원 9급 공개경쟁채용 필기시험 합격선 (2).pdf,
국가직,공무원,2025,,공개경쟁,,행정직군,검찰,검찰,9급,일반,245,5528,22.6:1,4365,79.0,17.8:1,328,93.00,과목평균,92.00,2025년도 국가공무원 9급 공개경쟁채용 필기시험 합격선 (2).pdf,
국가직,공무원,2025,,공개경쟁,,행정직군,마약수사,마약수사,9급,일반,16,571,35.7:1,408,71.5,25.5:1,23,93.00,과목평균,,2025년도 국가공무원 9급 공개경쟁채용 필기시험 합격선 (2).pdf,
국가직,공무원,2025,,공개경쟁,,행정직군,출입국관리,출입국관리,9급,일반,134,2493,18.6:1,1823,73.1,13.6:1,187,86.00,과목평균,85.00,2025년도 국가공무원 9급 공개경쟁채용 필기시험 합격선 (2).pdf,
국가직,공무원,2025,,공개경쟁,,행정직군,철도경찰,철도경찰,9급,일반,20,367,18.4:1,249,67.8,12.4:1,30,88.00,과목평균,,2025년도 국가공무원 9급 공개경쟁채용 필기시험 합격선 (2).pdf,
국가직,공무원,2025,,공개경쟁,,기술직군,공업,일반기계,9급,장애인,6,9,1.5:1,6,66.7,1.0:1,1,75.00,과목평균,,2025년도 국가공무원 9급 공개경쟁채용 필기시험 합격선 (2).pdf,
국가직,공무원,2025,,공개경쟁,,기술직군,공업,전기,9급,장애인,4,14,3.5:1,9,64.3,2.2:1,,,,,2025년도 국가공무원 9급 공개경쟁채용 필기시험 합격선 (2).pdf,전원과락
국가직,공무원,2025,,공개경쟁,,기술직군,공업,화공,9급,장애인,2,3,1.5:1,3,100.0,1.5:1,2,70.00,과목평균,,2025년도 국가공무원 9급 공개경쟁채용 필기시험 합격선 (2).pdf,
국가직,공무원,2025,,공개경쟁,,기술직군,농업,일반농업,9급,장애인,6,16,2.7:1,12,75.0,2.0:1,2,67.00,과목평균,,2025년도 국가공무원 9급 공개경쟁채용 필기시험 합격선 (2).pdf,
국가직,공무원,2025,,공개경쟁,,기술직군,임업,산림자원,9급,장애인,7,8,1.1:1,7,87.5,1.0:1,,,,,2025년도 국가공무원 9급 공개경쟁채용 필기시험 합격선 (2).pdf,전원과락
국가직,공무원,2025,,공개경쟁,,기술직군,환경,일반환경,9급,장애인,4,3,0.8:1,3,100.0,0.8:1,1,93.00,과목평균,,2025년도 국가공무원 9급 공개경쟁채용 필기시험 합격선 (2).pdf,
국가직,공무원,2025,,공개경쟁,,기술직군,시설,일반토목,9급,장애인,5,10,2.0:1,8,80.0,1.6:1,,,,,2025년도 국가공무원 9급 공개경쟁채용 필기시험 합격선 (2).pdf,전원과락
국가직,공무원,2025,,공개경쟁,,기술직군,시설,건축,9급,장애인,4,14,3.5:1,9,64.3,2.2:1,1,67.00,과목평균,,2025년도 국가공무원 9급 공개경쟁채용 필기시험 합격선 (2).pdf,
국가직,공무원,2025,,공개경쟁,,기술직군,전산,전산개발,9급,장애인,8,38,4.8:1,33,86.8,4.1:1,10,57.00,과목평균,,2025년도 국가공무원 9급 공개경쟁채용 필기시험 합격선 (2).pdf,
국가직,공무원,2025,,공개경쟁,,기술직군,전산,데이터,9급,장애인,1,5,5.0:1,2,40.0,2.0:1,,,,,2025년도 국가공무원 9급 공개경쟁채용 필기시험 합격선 (2).pdf,전원과락
국가직,공무원,2025,,공개경쟁,,기술직군,전산,정보보호,9급,장애인,1,3,3.0:1,2,66.7,2.0:1,,,,,2025년도 국가공무원 9급 공개경쟁채용 필기시험 합격선 (2).pdf,전원과락
국가직,공무원,2025,,공개경쟁,,기술직군,방송통신,전송기술,9급,장애인,4,10,2.5:1,8,80.0,2.0:1,1,77.00,과목평균,,2025년도 국가공무원 9급 공개경쟁채용 필기시험 합격선 (2).pdf,
국가직,공무원,2025,,공개경쟁,,행정직군,행정,일반행정 전국,9급,장애인,34,492,14.5:1,388,78.9,11.4:1,43,66.00,과목평균,,2025년도 국가공무원 9급 공개경쟁채용 필기시험 합격선 (2).pdf,
국가직,공무원,2025,,공개경쟁,강원,행정직군,행정,일반행정 지역,9급,장애인,3,18,6.0:1,13,72.2,4.3:1,2,74.00,과목평균,,2025년도 국가공무원 9급 공개경쟁채용 필기시험 합격선 (2).pdf,
국가직,공무원,2025,,공개경쟁,대전·세종·충남·충북,행정직군,행정,일반행정 지역,9급,장애인,2,46,23.0:1,35,76.1,17.5:1,3,62.00,과목평균,,2025년도 국가공무원 9급 공개경쟁채용 필기시험 합격선 (2).pdf,
국가직,공무원,2025,,공개경쟁,광주·전남,행정직군,행정,일반행정 지역,9급,장애인,3,44,14.7:1,34,77.3,11.3:1,5,62.00,과목평균,,2025년도 국가공무원 9급 공개경쟁채용 필기시험 합격선 (2).pdf,
국가직,공무원,2025,,공개경쟁,전북,행정직군,행정,일반행정 지역,9급,장애인,1,17,17.0:1,14,82.4,14.0:1,3,62.00,과목평균,,2025년도 국가공무원 9급 공개경쟁채용 필기시험 합격선 (2).pdf,
국가직,공무원,2025,,공개경쟁,대구·경북,행정직군,행정,일반행정 지역,9급,장애인,2,37,18.5:1,29,78.4,14.5:1,3,70.00,과목평균,,2025년도 국가공무원 9급 공개경쟁채용 필기시험 합격선 (2).pdf,
국가직,공무원,2025,,공개경쟁,울산·경남,행정직군,행정,일반행정 지역,9급,장애인,2,44,22.0:1,36,81.8,18.0:1,4,63.00,과목평균,,2025년도 국가공무원 9급 공개경쟁채용 필기시험 합격선 (2).pdf,
국가직,공무원,2025,,공개경쟁,서울,행정직군,행정,우정사업본부 지역,9급,장애인,4,39,9.8:1,29,74.4,7.2:1,5,55.00,과목평균,,2025년도 국가공무원 9급 공개경쟁채용 필기시험 합격선 (2).pdf,
국가직,공무원,2025,,공개경쟁,인천·경기,행정직군,행정,우정사업본부 지역,9급,장애인,5,47,9.4:1,35,74.5,7.0:1,5,60.00,과목평균,,2025년도 국가공무원 9급 공개경쟁채용 필기시험 합격선 (2).pdf,
국가직,공무원,2025,,공개경쟁,강원,행정직군,행정,우정사업본부 지역,9급,장애인,2,5,2.5:1,4,80.0,2.0:1,,,,,2025년도 국가공무원 9급 공개경쟁채용 필기시험 합격선 (2).pdf,전원과락
국가직,공무원,2025,,공개경쟁,대전·세종·충남·충북,행정직군,행정,우정사업본부 지역,9급,장애인,5,24,4.8:1,20,83.3,4.0:1,3,63.00,과목평균,,2025년도 국가공무원 9급 공개경쟁채용 필기시험 합격선 (2).pdf,
국가직,공무원,2025,,공개경쟁,광주·전남,행정직군,행정,우정사업본부 지역,9급,장애인,3,11,3.7:1,9,81.8,3.0:1,3,54.00,과목평균,,2025년도 국가공무원 9급 공개경쟁채용 필기시험 합격선 (2).pdf,
국가직,공무원,2025,,공개경쟁,전북,행정직군,행정,우정사업본부 지역,9급,장애인,2,5,2.5:1,5,100.0,2.5:1,1,56.00,과목평균,,2025년도 국가공무원 9급 공개경쟁채용 필기시험 합격선 (2).pdf,
국가직,공무원,2025,,공개경쟁,대구·경북,행정직군,행정,우정사업본부 지역,9급,장애인,5,31,6.2:1,22,71.0,4.4:1,7,55.00,과목평균,,2025년도 국가공무원 9급 공개경쟁채용 필기시험 합격선 (2).pdf,
국가직,공무원,2025,,공개경쟁,부산·울산,행정직군,행정,우정사업본부 지역,9급,장애인,1,11,11.0:1,8,72.7,8.0:1,2,59.00,과목평균,,2025년도 국가공무원 9급 공개경쟁채용 필기시험 합격선 (2).pdf,
국가직,공무원,2025,,공개경쟁,경남,행정직군,행정,우정사업본부 지역,9급,장애인,2,15,7.5:1,13,86.7,6.5:1,3,52.00,과목평균,,2025년도 국가공무원 9급 공개경쟁채용 필기시험 합격선 (2).pdf,
국가직,공무원,2025,,공개경쟁,,행정직군,행정,경찰청 전국,9급,장애인,15,149,9.9:1,112,75.2,7.5:1,19,60.00,과목평균,,2025년도 국가공무원 9급 공개경쟁채용 필기시험 합격선 (2).pdf,
국가직,공무원,2025,,공개경쟁,,행정직군,행정,고용노동,9급,장애인,3,27,9.0:1,17,63.0,5.7:1,2,62.00,과목평균,,2025년도 국가공무원 9급 공개경쟁채용 필기시험 합격선 (2).pdf,
국가직,공무원,2025,,공개경쟁,,행정직군,행정,교육행정,9급,장애인,3,172,57.3:1,135,78.5,45.0:1,4,82.00,과목평균,,2025년도 국가공무원 9급 공개경쟁채용 필기시험 합격선 (2).pdf,
국가직,공무원,2025,,공개경쟁,,행정직군,행정,선거행정,9급,장애인,5,63,12.6:1,43,68.3,8.6:1,7,65.00,과목평균,64.00,2025년도 국가공무원 9급 공개경쟁채용 필기시험 합격선 (2).pdf,
국가직,공무원,2025,,공개경쟁,,행정직군,직업상담,직업상담,9급,장애인,1,16,16.0:1,11,68.8,11.0:1,2,74.00,과목평균,,2025년도 국가공무원 9급 공개경쟁채용 필기시험 합격선 (2).pdf,
국가직,공무원,2025,,공개경쟁,,행정직군,세무,세무,9급,장애인,85,83,1.0:1,60,72.3,0.7:1,14,53.00,과목평균,,2025년도 국가공무원 9급 공개경쟁채용 필기시험 합격선 (2).pdf,
국가직,공무원,2025,,공개경쟁,,행정직군,관세,관세,9급,장애인,9,36,4.0:1,29,80.6,3.2:1,8,58.00,과목평균,,2025년도 국가공무원 9급 공개경쟁채용 필기시험 합격선 (2).pdf,
국가직,공무원,2025,,공개경쟁,,행정직군,통계,통계,9급,장애인,7,12,1.7:1,9,75.0,1.3:1,4,53.00,과목평균,,2025년도 국가공무원 9급 공개경쟁채용 필기시험 합격선 (2).pdf,
국가직,공무원,2025,,공개경쟁,,기술직군,공업,일반기계,9급,저소득층,1,16,16.0:1,11,68.8,11.0:1,2,70.00,과목평균,,2025년도 국가공무원 9급 공개경쟁채용 필기시험 합격선 (2).pdf,
국가직,공무원,2025,,공개경쟁,,기술직군,공업,전기,9급,저소득층,1,16,16.0:1,7,43.8,7.0:1,2,69.00,과목평균,,2025년도 국가공무원 9급 공개경쟁채용 필기시험 합격선 (2).pdf,
국가직,공무원,2025,,공개경쟁,,기술직군,농업,일반농업,9급,저소득층,3,31,10.3:1,24,77.4,8.0:1,4,75.00,과목평균,,2025년도 국가공무원 9급 공개경쟁채용 필기시험 합격선 (2).pdf,
국가직,공무원,2025,,공개경쟁,,기술직군,임업,산림자원,9급,저소득층,4,19,4.8:1,10,52.6,2.5:1,2,62.00,과목평균,,2025년도 국가공무원 9급 공개경쟁채용 필기시험 합격선 (2).pdf,
국가직,공무원,2025,,공개경쟁,,기술직군,환경,일반환경,9급,저소득층,1,10,10.0:1,7,70.0,7.0:1,1,59.00,과목평균,,2025년도 국가공무원 9급 공개경쟁채용 필기시험 합격선 (2).pdf,
국가직,공무원,2025,,공개경쟁,,기술직군,시설,일반토목,9급,저소득층,2,18,9.0:1,12,66.7,6.0:1,2,56.00,과목평균,,2025년도 국가공무원 9급 공개경쟁채용 필기시험 합격선 (2).pdf,
국가직,공무원,2025,,공개경쟁,,기술직군,시설,건축,9급,저소득층,2,16,8.0:1,11,68.8,5.5:1,2,53.00,과목평균,,2025년도 국가공무원 9급 공개경쟁채용 필기시험 합격선 (2).pdf,
국가직,공무원,2025,,공개경쟁,,기술직군,전산,전산개발,9급,저소득층,3,39,13.0:1,23,59.0,7.7:1,4,85.00,과목평균,,2025년도 국가공무원 9급 공개경쟁채용 필기시험 합격선 (2).pdf,
국가직,공무원,2025,,공개경쟁,,기술직군,방송통신,전송기술,9급,저소득층,1,9,9.0:1,1,11.1,1.0:1,1,71.00,과목평균,,2025년도 국가공무원 9급 공개경쟁채용 필기시험 합격선 (2).pdf,
국가직,공무원,2025,,공개경쟁,,행정직군,행정,일반행정 전국,9급,저소득층,12,504,42.0:1,342,67.9,28.5:1,15,84.00,과목평균,,2025년도 국가공무원 9급 공개경쟁채용 필기시험 합격선 (2).pdf,
국가직,공무원,2025,,공개경쟁,,행정직군,행정,우정사업본부 전국,9급,저소득층,15,222,14.8:1,163,73.4,10.9:1,20,79.00,과목평균,,2025년도 국가공무원 9급 공개경쟁채용 필기시험 합격선 (2).pdf,
국가직,공무원,2025,,공개경쟁,,행정직군,행정,경찰청 전국,9급,저소득층,6,150,25.0:1,106,70.7,17.7:1,8,85.00,과목평균,,2025년도 국가공무원 9급 공개경쟁채용 필기시험 합격선 (2).pdf,
국가직,공무원,2025,,공개경쟁,,행정직군,행정,고용노동,9급,저소득층,1,29,29.0:1,18,62.1,18.0:1,2,86.00,과목평균,,2025년도 국가공무원 9급 공개경쟁채용 필기시험 합격선 (2).pdf,
국가직,공무원,2025,,공개경쟁,,행정직군,행정,교육행정,9급,저소득층,2,190,95.0:1,135,71.1,67.5:1,3,91.00,과목평균,,2025년도 국가공무원 9급 공개경쟁채용 필기시험 합격선 (2).pdf,
국가직,공무원,2025,,공개경쟁,,행정직군,행정,선거행정,9급,저소득층,2,43,21.5:1,26,60.5,13.0:1,3,85.00,과목평균,,2025년도 국가공무원 9급 공개경쟁채용 필기시험 합격선 (2).pdf,
국가직,공무원,2025,,공개경쟁,,행정직군,세무,세무,9급,저소득층,27,228,8.4:1,170,74.6,6.3:1,31,69.00,과목평균,,2025년도 국가공무원 9급 공개경쟁채용 필기시험 합격선 (2).pdf,
국가직,공무원,2025,,공개경쟁,,행정직군,관세,관세,9급,저소득층,3,20,6.7:1,15,75.0,5.0:1,4,76.00,과목평균,,2025년도 국가공무원 9급 공개경쟁채용 필기시험 합격선 (2).pdf,
국가직,공무원,2025,,공개경쟁,,행정직군,통계,통계,9급,저소득층,3,19,6.3:1,13,68.4,4.3:1,4,62.00,과목평균,,2025년도 국가공무원 9급 공개경쟁채용 필기시험 합격선 (2).pdf,
국가직,공무원,2025,,공개경쟁,,행정직군,교정,교정,9급,저소득층,20,214,10.7:1,164,76.6,8.2:1,28,75.00,과목평균,,2025년도 국가공무원 9급 공개경쟁채용 필기시험 합격선 (2).pdf,
국가직,공무원,2025,,공개경쟁,,행정직군,보호,보호,9급,저소득층,2,58,29.0:1,39,67.2,19.5:1,4,66.00,과목평균,,2025년도 국가공무원 9급 공개경쟁채용 필기시험 합격선 (2).pdf,
국가직,공무원,2025,,공개경쟁,,행정직군,검찰,검찰,9급,저소득층,6,123,20.5:1,97,78.9,16.2:1,9,90.00,과목평균,,2025년도 국가공무원 9급 공개경쟁채용 필기시험 합격선 (2).pdf,
국가직,공무원,2025,,공개경쟁,,행정직군,마약수사,마약수사,9급,저소득층,1,22,22.0:1,14,63.6,14.0:1,2,75.00,과목평균,,2025년도 국가공무원 9급 공개경쟁채용 필기시험 합격선 (2).pdf,
국가직,공무원,2025,,공개경쟁,,행정직군,출입국관리,출입국관리,9급,저소득층,5,59,11.8:1,41,69.5,8.2:1,6,77.00,과목평균,,2025년도 국가공무원 9급 공개경쟁채용 필기시험 합격선 (2).pdf,
국가직,공무원,2025,,공개경쟁,,행정직군,철도경찰,철도경찰,9급,저소득층,1,14,14.0:1,8,57.1,8.0:1,2,77.00,과목평균,,2025년도 국가공무원 9급 공개경쟁채용 필기시험 합격선 (2).pdf,
국가직,공무원,2026,,공개경쟁,,기술직군,공업,일반기계,9급,일반,28,1067,38.1:1,701,65.7,25.0:1,36,91.00,과목평균,89.00,★2026년도 국가공무원 9급 공개경쟁채용 필기시험 합격선[배포용문서] (1).pdf,
국가직,공무원,2026,,공개경쟁,,기술직군,공업,전기,9급,일반,23,1372,59.7:1,871,63.5,37.9:1,33,84.00,과목평균,81.00,★2026년도 국가공무원 9급 공개경쟁채용 필기시험 합격선[배포용문서] (1).pdf,
국가직,공무원,2026,,공개경쟁,,기술직군,공업,화공,9급,일반,10,584,58.4:1,410,70.2,41.0:1,15,90.00,과목평균,,★2026년도 국가공무원 9급 공개경쟁채용 필기시험 합격선[배포용문서] (1).pdf,
국가직,공무원,2026,,공개경쟁,,기술직군,농업,일반농업,9급,일반,53,1604,30.3:1,1156,72.1,21.8:1,70,90.00,과목평균,,★2026년도 국가공무원 9급 공개경쟁채용 필기시험 합격선[배포용문서] (1).pdf,
국가직,공무원,2026,,공개경쟁,,기술직군,임업,산림자원,9급,일반,31,1209,39.0:1,936,77.4,30.2:1,42,90.00,과목평균,89.00,★2026년도 국가공무원 9급 공개경쟁채용 필기시험 합격선[배포용문서] (1).pdf,
국가직,공무원,2026,,공개경쟁,,기술직군,환경,일반환경,9급,일반,21,1145,54.5:1,816,71.3,38.9:1,29,88.00,과목평균,,★2026년도 국가공무원 9급 공개경쟁채용 필기시험 합격선[배포용문서] (1).pdf,
국가직,공무원,2026,,공개경쟁,,기술직군,시설,일반토목,9급,일반,46,2358,51.3:1,1632,69.2,35.5:1,64,76.00,과목평균,75.00,★2026년도 국가공무원 9급 공개경쟁채용 필기시험 합격선[배포용문서] (1).pdf,
국가직,공무원,2026,,공개경쟁,,기술직군,시설,건축,9급,일반,24,1784,74.3:1,1289,72.3,53.7:1,35,86.00,과목평균,,★2026년도 국가공무원 9급 공개경쟁채용 필기시험 합격선[배포용문서] (1).pdf,
국가직,공무원,2026,,공개경쟁,,기술직군,시설,시설조경,9급,일반,1,189,189.0:1,133,70.4,133.0:1,2,89.00,과목평균,,★2026년도 국가공무원 9급 공개경쟁채용 필기시험 합격선[배포용문서] (1).pdf,
국가직,공무원,2026,,공개경쟁,,기술직군,방재안전,방재안전,9급,일반,6,382,63.7:1,256,67.0,42.7:1,9,80.00,과목평균,,★2026년도 국가공무원 9급 공개경쟁채용 필기시험 합격선[배포용문서] (1).pdf,
국가직,공무원,2026,,공개경쟁,,기술직군,전산,전산개발,9급,일반,75,3096,41.3:1,2307,74.5,30.8:1,110,93.00,과목평균,,★2026년도 국가공무원 9급 공개경쟁채용 필기시험 합격선[배포용문서] (1).pdf,
국가직,공무원,2026,,공개경쟁,,기술직군,전산,데이터,9급,일반,12,413,34.4:1,261,63.2,21.8:1,17,90.00,과목평균,88.00,★2026년도 국가공무원 9급 공개경쟁채용 필기시험 합격선[배포용문서] (1).pdf,
국가직,공무원,2026,,공개경쟁,,기술직군,전산,정보보호,9급,일반,16,341,21.3:1,205,60.1,12.8:1,20,90.00,과목평균,88.00,★2026년도 국가공무원 9급 공개경쟁채용 필기시험 합격선[배포용문서] (1).pdf,
국가직,공무원,2026,,공개경쟁,,기술직군,방송통신,전송기술,9급,일반,38,617,16.2:1,399,64.7,10.5:1,48,79.00,과목평균,78.00,★2026년도 국가공무원 9급 공개경쟁채용 필기시험 합격선[배포용문서] (1).pdf,
국가직,공무원,2026,,공개경쟁,,행정직군,행정,일반행정 전국,9급,일반,265,25923,97.8:1,19693,76.0,74.3:1,361,90.00,과목평균,,★2026년도 국가공무원 9급 공개경쟁채용 필기시험 합격선[배포용문서] (1).pdf,
국가직,공무원,2026,,공개경쟁,강원,행정직군,행정,일반행정 지역,9급,일반,15,872,58.1:1,695,79.7,46.3:1,19,87.00,과목평균,,★2026년도 국가공무원 9급 공개경쟁채용 필기시험 합격선[배포용문서] (1).pdf,
국가직,공무원,2026,,공개경쟁,대전·세종·충남·충북,행정직군,행정,일반행정 지역,9급,일반,19,1834,96.5:1,1411,76.9,74.3:1,25,88.00,과목평균,,★2026년도 국가공무원 9급 공개경쟁채용 필기시험 합격선[배포용문서] (1).pdf,
국가직,공무원,2026,,공개경쟁,광주·전남,행정직군,행정,일반행정 지역,9급,일반,20,1263,63.1:1,978,77.4,48.9:1,25,90.00,과목평균,,★2026년도 국가공무원 9급 공개경쟁채용 필기시험 합격선[배포용문서] (1).pdf,
국가직,공무원,2026,,공개경쟁,전북,행정직군,행정,일반행정 지역,9급,일반,10,854,85.4:1,682,79.9,68.2:1,14,89.00,과목평균,,★2026년도 국가공무원 9급 공개경쟁채용 필기시험 합격선[배포용문서] (1).pdf,
국가직,공무원,2026,,공개경쟁,대구·경북,행정직군,행정,일반행정 지역,9급,일반,16,1505,94.1:1,1117,74.2,69.8:1,23,88.00,과목평균,,★2026년도 국가공무원 9급 공개경쟁채용 필기시험 합격선[배포용문서] (1).pdf,
국가직,공무원,2026,,공개경쟁,울산·경남,행정직군,행정,일반행정 지역,9급,일반,13,1287,99.0:1,1007,78.2,77.5:1,18,89.00,과목평균,,★2026년도 국가공무원 9급 공개경쟁채용 필기시험 합격선[배포용문서] (1).pdf,
국가직,공무원,2026,,공개경쟁,제주,행정직군,행정,일반행정 지역,9급,일반,5,225,45.0:1,173,76.9,34.6:1,8,87.00,과목평균,,★2026년도 국가공무원 9급 공개경쟁채용 필기시험 합격선[배포용문서] (1).pdf,
국가직,공무원,2026,,공개경쟁,서울,행정직군,행정,우정사업본부 지역,9급,일반,2,358,179.0:1,229,64.0,114.5:1,3,91.00,과목평균,,★2026년도 국가공무원 9급 공개경쟁채용 필기시험 합격선[배포용문서] (1).pdf,
국가직,공무원,2026,,공개경쟁,인천·경기,행정직군,행정,우정사업본부 지역,9급,일반,20,1265,63.2:1,949,75.0,47.5:1,24,89.00,과목평균,,★2026년도 국가공무원 9급 공개경쟁채용 필기시험 합격선[배포용문서] (1).pdf,
국가직,공무원,2026,,공개경쟁,강원,행정직군,행정,우정사업본부 지역,9급,일반,12,315,26.2:1,248,78.7,20.7:1,18,85.00,과목평균,84.00,★2026년도 국가공무원 9급 공개경쟁채용 필기시험 합격선[배포용문서] (1).pdf,
국가직,공무원,2026,,공개경쟁,대전·세종·충남·충북,행정직군,행정,우정사업본부 지역,9급,일반,10,610,61.0:1,492,80.7,49.2:1,15,86.00,과목평균,,★2026년도 국가공무원 9급 공개경쟁채용 필기시험 합격선[배포용문서] (1).pdf,
국가직,공무원,2026,,공개경쟁,광주·전남,행정직군,행정,우정사업본부 지역,9급,일반,17,566,33.3:1,456,80.6,26.8:1,21,86.00,과목평균,,★2026년도 국가공무원 9급 공개경쟁채용 필기시험 합격선[배포용문서] (1).pdf,
국가직,공무원,2026,,공개경쟁,전북,행정직군,행정,우정사업본부 지역,9급,일반,13,449,34.5:1,366,81.5,28.2:1,19,87.00,과목평균,,★2026년도 국가공무원 9급 공개경쟁채용 필기시험 합격선[배포용문서] (1).pdf,
국가직,공무원,2026,,공개경쟁,대구·경북,행정직군,행정,우정사업본부 지역,9급,일반,7,467,66.7:1,356,76.2,50.9:1,13,88.00,과목평균,,★2026년도 국가공무원 9급 공개경쟁채용 필기시험 합격선[배포용문서] (1).pdf,
국가직,공무원,2026,,공개경쟁,부산·울산,행정직군,행정,우정사업본부 지역,9급,일반,2,213,106.5:1,146,68.5,73.0:1,3,89.00,과목평균,,★2026년도 국가공무원 9급 공개경쟁채용 필기시험 합격선[배포용문서] (1).pdf,
국가직,공무원,2026,,공개경쟁,경남,행정직군,행정,우정사업본부 지역,9급,일반,4,286,71.5:1,222,77.6,55.5:1,5,86.00,과목평균,,★2026년도 국가공무원 9급 공개경쟁채용 필기시험 합격선[배포용문서] (1).pdf,
국가직,공무원,2026,,공개경쟁,제주,행정직군,행정,우정사업본부 지역,9급,일반,4,84,21.0:1,67,79.8,16.8:1,5,83.00,과목평균,,★2026년도 국가공무원 9급 공개경쟁채용 필기시험 합격선[배포용문서] (1).pdf,
국가직,공무원,2026,,공개경쟁,,행정직군,행정,경찰청 전국,9급,일반,70,3965,56.6:1,3094,78.0,44.2:1,80,90.00,과목평균,,★2026년도 국가공무원 9급 공개경쟁채용 필기시험 합격선[배포용문서] (1).pdf,
국가직,공무원,2026,,공개경쟁,,행정직군,행정,고용노동,9급,일반,546,6161,11.3:1,4274,69.4,7.8:1,698,79.00,과목평균,,★2026년도 국가공무원 9급 공개경쟁채용 필기시험 합격선[배포용문서] (1).pdf,
국가직,공무원,2026,,공개경쟁,,행정직군,행정,교육행정,9급,일반,21,10692,509.1:1,8530,79.8,406.2:1,37,96.00,과목평균,95.00,★2026년도 국가공무원 9급 공개경쟁채용 필기시험 합격선[배포용문서] (1).pdf,
국가직,공무원,2026,,공개경쟁,,행정직군,행정,선거행정,9급,일반,28,861,30.8:1,611,71.0,21.8:1,32,89.00,과목평균,,★2026년도 국가공무원 9급 공개경쟁채용 필기시험 합격선[배포용문서] (1).pdf,
국가직,공무원,2026,,공개경쟁,,행정직군,직업상담,직업상담,9급,일반,52,654,12.6:1,413,63.1,7.9:1,70,79.00,과목평균,76.00,★2026년도 국가공무원 9급 공개경쟁채용 필기시험 합격선[배포용문서] (1).pdf,
국가직,공무원,2026,,공개경쟁,,행정직군,세무,세무 전국,9급,일반,1080,10487,9.7:1,7851,74.9,7.3:1,1359,77.00,과목평균,,★2026년도 국가공무원 9급 공개경쟁채용 필기시험 합격선[배포용문서] (1).pdf,
국가직,공무원,2026,,공개경쟁,강원,행정직군,세무,세무 지역,9급,일반,20,213,10.7:1,155,72.8,7.8:1,25,70.00,과목평균,,★2026년도 국가공무원 9급 공개경쟁채용 필기시험 합격선[배포용문서] (1).pdf,
국가직,공무원,2026,,공개경쟁,,행정직군,관세,관세,9급,일반,177,2006,11.3:1,1568,78.2,8.9:1,210,85.00,과목평균,83.00,★2026년도 국가공무원 9급 공개경쟁채용 필기시험 합격선[배포용문서] (1).pdf,
국가직,공무원,2026,,공개경쟁,,행정직군,통계,통계,9급,일반,87,841,9.7:1,638,75.9,7.3:1,111,89.00,과목평균,,★2026년도 국가공무원 9급 공개경쟁채용 필기시험 합격선[배포용문서] (1).pdf,
국가직,공무원,2026,,공개경쟁,,행정직군,교정,교정,9급,남,212,4570,21.6:1,3554,77.8,16.8:1,283,82.00,과목평균,,★2026년도 국가공무원 9급 공개경쟁채용 필기시험 합격선[배포용문서] (1).pdf,
국가직,공무원,2026,,공개경쟁,,행정직군,교정,교정,9급,여,29,1303,44.9:1,1055,81.0,36.4:1,45,87.00,과목평균,,★2026년도 국가공무원 9급 공개경쟁채용 필기시험 합격선[배포용문서] (1).pdf,
국가직,공무원,2026,,공개경쟁,,행정직군,보호,보호,9급,남,60,714,11.9:1,515,72.1,8.6:1,79,78.00,과목평균,,★2026년도 국가공무원 9급 공개경쟁채용 필기시험 합격선[배포용문서] (1).pdf,
국가직,공무원,2026,,공개경쟁,,행정직군,보호,보호,9급,여,27,715,26.5:1,522,73.0,19.3:1,36,78.00,과목평균,,★2026년도 국가공무원 9급 공개경쟁채용 필기시험 합격선[배포용문서] (1).pdf,
국가직,공무원,2026,,공개경쟁,,행정직군,검찰,검찰,9급,일반,119,4478,37.6:1,3509,78.4,29.5:1,132,91.00,과목평균,,★2026년도 국가공무원 9급 공개경쟁채용 필기시험 합격선[배포용문서] (1).pdf,
국가직,공무원,2026,,공개경쟁,,행정직군,마약수사,마약수사,9급,일반,15,505,33.7:1,325,64.4,21.7:1,18,89.00,과목평균,87.00,★2026년도 국가공무원 9급 공개경쟁채용 필기시험 합격선[배포용문서] (1).pdf,
국가직,공무원,2026,,공개경쟁,,행정직군,출입국관리,출입국관리,9급,일반,29,1901,65.6:1,1465,77.1,50.5:1,34,90.00,과목평균,89.00,★2026년도 국가공무원 9급 공개경쟁채용 필기시험 합격선[배포용문서] (1).pdf,
국가직,공무원,2026,,공개경쟁,,행정직군,철도경찰,철도경찰,9급,일반,10,314,31.4:1,211,67.2,21.1:1,13,89.00,과목평균,,★2026년도 국가공무원 9급 공개경쟁채용 필기시험 합격선[배포용문서] (1).pdf,
국가직,공무원,2026,,공개경쟁,,기술직군,공업,일반기계,9급,장애인,3,13,4.3:1,6,46.2,2.0:1,,,,,★2026년도 국가공무원 9급 공개경쟁채용 필기시험 합격선[배포용문서] (1).pdf,전원과락
국가직,공무원,2026,,공개경쟁,,기술직군,공업,전기,9급,장애인,2,11,5.5:1,8,72.7,4.0:1,3,48.00,과목평균,,★2026년도 국가공무원 9급 공개경쟁채용 필기시험 합격선[배포용문서] (1).pdf,
국가직,공무원,2026,,공개경쟁,,기술직군,공업,화공,9급,장애인,1,2,2.0:1,2,100.0,2.0:1,2,69.00,과목평균,,★2026년도 국가공무원 9급 공개경쟁채용 필기시험 합격선[배포용문서] (1).pdf,
국가직,공무원,2026,,공개경쟁,,기술직군,농업,일반농업,9급,장애인,5,16,3.2:1,8,50.0,1.6:1,2,52.00,과목평균,,★2026년도 국가공무원 9급 공개경쟁채용 필기시험 합격선[배포용문서] (1).pdf,
국가직,공무원,2026,,공개경쟁,,기술직군,임업,산림자원,9급,장애인,3,10,3.3:1,6,60.0,2.0:1,1,55.00,과목평균,,★2026년도 국가공무원 9급 공개경쟁채용 필기시험 합격선[배포용문서] (1).pdf,
국가직,공무원,2026,,공개경쟁,,기술직군,환경,일반환경,9급,장애인,2,3,1.5:1,2,66.7,1.0:1,,,,,★2026년도 국가공무원 9급 공개경쟁채용 필기시험 합격선[배포용문서] (1).pdf,전원과락
국가직,공무원,2026,,공개경쟁,,기술직군,시설,일반토목,9급,장애인,4,11,2.8:1,5,45.5,1.2:1,,,,,★2026년도 국가공무원 9급 공개경쟁채용 필기시험 합격선[배포용문서] (1).pdf,전원과락
국가직,공무원,2026,,공개경쟁,,기술직군,시설,건축,9급,장애인,2,5,2.5:1,2,40.0,1.0:1,,,,,★2026년도 국가공무원 9급 공개경쟁채용 필기시험 합격선[배포용문서] (1).pdf,전원과락
국가직,공무원,2026,,공개경쟁,,기술직군,전산,전산개발,9급,장애인,8,53,6.6:1,40,75.5,5.0:1,10,67.00,과목평균,,★2026년도 국가공무원 9급 공개경쟁채용 필기시험 합격선[배포용문서] (1).pdf,
국가직,공무원,2026,,공개경쟁,,기술직군,전산,데이터,9급,장애인,1,3,3.0:1,2,66.7,2.0:1,1,72.00,과목평균,,★2026년도 국가공무원 9급 공개경쟁채용 필기시험 합격선[배포용문서] (1).pdf,
국가직,공무원,2026,,공개경쟁,,기술직군,전산,정보보호,9급,장애인,1,9,9.0:1,6,66.7,6.0:1,2,69.00,과목평균,,★2026년도 국가공무원 9급 공개경쟁채용 필기시험 합격선[배포용문서] (1).pdf,
국가직,공무원,2026,,공개경쟁,,기술직군,방송통신,전송기술,9급,장애인,3,5,1.7:1,5,100.0,1.7:1,2,52.00,과목평균,,★2026년도 국가공무원 9급 공개경쟁채용 필기시험 합격선[배포용문서] (1).pdf,
국가직,공무원,2026,,공개경쟁,,행정직군,행정,일반행정 전국,9급,장애인,34,535,15.7:1,413,77.2,12.1:1,42,64.00,과목평균,,★2026년도 국가공무원 9급 공개경쟁채용 필기시험 합격선[배포용문서] (1).pdf,
국가직,공무원,2026,,공개경쟁,강원,행정직군,행정,일반행정 지역,9급,장애인,2,16,8.0:1,10,62.5,5.0:1,2,47.00,과목평균,,★2026년도 국가공무원 9급 공개경쟁채용 필기시험 합격선[배포용문서] (1).pdf,
국가직,공무원,2026,,공개경쟁,대전·세종·충남·충북,행정직군,행정,일반행정 지역,9급,장애인,2,53,26.5:1,41,77.4,20.5:1,3,69.00,과목평균,,★2026년도 국가공무원 9급 공개경쟁채용 필기시험 합격선[배포용문서] (1).pdf,
국가직,공무원,2026,,공개경쟁,광주·전남,행정직군,행정,일반행정 지역,9급,장애인,3,39,13.0:1,29,74.4,9.7:1,5,58.00,과목평균,,★2026년도 국가공무원 9급 공개경쟁채용 필기시험 합격선[배포용문서] (1).pdf,
국가직,공무원,2026,,공개경쟁,전북,행정직군,행정,일반행정 지역,9급,장애인,1,10,10.0:1,8,80.0,8.0:1,,,,,★2026년도 국가공무원 9급 공개경쟁채용 필기시험 합격선[배포용문서] (1).pdf,전원과락
국가직,공무원,2026,,공개경쟁,대구·경북,행정직군,행정,일반행정 지역,9급,장애인,2,41,20.5:1,31,75.6,15.5:1,3,64.00,과목평균,,★2026년도 국가공무원 9급 공개경쟁채용 필기시험 합격선[배포용문서] (1).pdf,
국가직,공무원,2026,,공개경쟁,울산·경남,행정직군,행정,일반행정 지역,9급,장애인,1,34,34.0:1,27,79.4,27.0:1,2,51.00,과목평균,,★2026년도 국가공무원 9급 공개경쟁채용 필기시험 합격선[배포용문서] (1).pdf,
국가직,공무원,2026,,공개경쟁,인천·경기,행정직군,행정,우정사업본부 지역,9급,장애인,3,66,22.0:1,47,71.2,15.7:1,4,49.00,과목평균,,★2026년도 국가공무원 9급 공개경쟁채용 필기시험 합격선[배포용문서] (1).pdf,
국가직,공무원,2026,,공개경쟁,강원,행정직군,행정,우정사업본부 지역,9급,장애인,1,7,7.0:1,7,100.0,7.0:1,1,64.00,과목평균,,★2026년도 국가공무원 9급 공개경쟁채용 필기시험 합격선[배포용문서] (1).pdf,
국가직,공무원,2026,,공개경쟁,대전·세종·충남·충북,행정직군,행정,우정사업본부 지역,9급,장애인,1,11,11.0:1,8,72.7,8.0:1,2,67.00,과목평균,,★2026년도 국가공무원 9급 공개경쟁채용 필기시험 합격선[배포용문서] (1).pdf,
국가직,공무원,2026,,공개경쟁,광주·전남,행정직군,행정,우정사업본부 지역,9급,장애인,2,10,5.0:1,8,80.0,4.0:1,2,70.00,과목평균,,★2026년도 국가공무원 9급 공개경쟁채용 필기시험 합격선[배포용문서] (1).pdf,
국가직,공무원,2026,,공개경쟁,전북,행정직군,행정,우정사업본부 지역,9급,장애인,2,8,4.0:1,6,75.0,3.0:1,1,62.00,과목평균,,★2026년도 국가공무원 9급 공개경쟁채용 필기시험 합격선[배포용문서] (1).pdf,
국가직,공무원,2026,,공개경쟁,대구·경북,행정직군,행정,우정사업본부 지역,9급,장애인,1,15,15.0:1,10,66.7,10.0:1,2,57.00,과목평균,,★2026년도 국가공무원 9급 공개경쟁채용 필기시험 합격선[배포용문서] (1).pdf,
국가직,공무원,2026,,공개경쟁,제주,행정직군,행정,우정사업본부 지역,9급,장애인,1,4,4.0:1,2,50.0,2.0:1,,,,,★2026년도 국가공무원 9급 공개경쟁채용 필기시험 합격선[배포용문서] (1).pdf,전원과락
국가직,공무원,2026,,공개경쟁,,행정직군,행정,경찰청 전국,9급,장애인,8,112,14.0:1,82,73.2,10.2:1,10,54.00,과목평균,,★2026년도 국가공무원 9급 공개경쟁채용 필기시험 합격선[배포용문서] (1).pdf,
국가직,공무원,2026,,공개경쟁,,행정직군,행정,고용노동,9급,장애인,57,100,1.8:1,72,72.0,1.3:1,14,52.00,과목평균,,★2026년도 국가공무원 9급 공개경쟁채용 필기시험 합격선[배포용문서] (1).pdf,
국가직,공무원,2026,,공개경쟁,,행정직군,행정,교육행정,9급,장애인,3,184,61.3:1,147,79.9,49.0:1,7,80.00,과목평균,,★2026년도 국가공무원 9급 공개경쟁채용 필기시험 합격선[배포용문서] (1).pdf,
국가직,공무원,2026,,공개경쟁,,행정직군,행정,선거행정,9급,장애인,3,39,13.0:1,24,61.5,8.0:1,4,58.00,과목평균,,★2026년도 국가공무원 9급 공개경쟁채용 필기시험 합격선[배포용문서] (1).pdf,
국가직,공무원,2026,,공개경쟁,,행정직군,직업상담,직업상담,9급,장애인,6,22,3.7:1,12,54.5,2.0:1,4,54.00,과목평균,,★2026년도 국가공무원 9급 공개경쟁채용 필기시험 합격선[배포용문서] (1).pdf,
국가직,공무원,2026,,공개경쟁,,행정직군,세무,세무,9급,장애인,74,71,1.0:1,50,70.4,0.7:1,16,50.00,과목평균,,★2026년도 국가공무원 9급 공개경쟁채용 필기시험 합격선[배포용문서] (1).pdf,
국가직,공무원,2026,,공개경쟁,강원,행정직군,세무,세무 지역,9급,장애인,1,1,1.0:1,0,0.0,0.0:1,,,,,★2026년도 국가공무원 9급 공개경쟁채용 필기시험 합격선[배포용문서] (1).pdf,응시자 없음
국가직,공무원,2026,,공개경쟁,,행정직군,관세,관세,9급,장애인,18,36,2.0:1,22,61.1,1.2:1,8,49.00,과목평균,,★2026년도 국가공무원 9급 공개경쟁채용 필기시험 합격선[배포용문서] (1).pdf,
국가직,공무원,2026,,공개경쟁,,행정직군,통계,통계,9급,장애인,10,14,1.4:1,9,64.3,0.9:1,4,56.00,과목평균,,★2026년도 국가공무원 9급 공개경쟁채용 필기시험 합격선[배포용문서] (1).pdf,
국가직,공무원,2026,,공개경쟁,,기술직군,공업,일반기계,9급,저소득층,1,16,16.0:1,9,56.2,9.0:1,2,63.00,과목평균,,★2026년도 국가공무원 9급 공개경쟁채용 필기시험 합격선[배포용문서] (1).pdf,
국가직,공무원,2026,,공개경쟁,,기술직군,공업,전기,9급,저소득층,1,22,22.0:1,12,54.5,12.0:1,2,57.00,과목평균,,★2026년도 국가공무원 9급 공개경쟁채용 필기시험 합격선[배포용문서] (1).pdf,
국가직,공무원,2026,,공개경쟁,,기술직군,농업,일반농업,9급,저소득층,2,28,14.0:1,23,82.1,11.5:1,3,76.00,과목평균,,★2026년도 국가공무원 9급 공개경쟁채용 필기시험 합격선[배포용문서] (1).pdf,
국가직,공무원,2026,,공개경쟁,,기술직군,임업,산림자원,9급,저소득층,1,20,20.0:1,16,80.0,16.0:1,2,75.00,과목평균,,★2026년도 국가공무원 9급 공개경쟁채용 필기시험 합격선[배포용문서] (1).pdf,
국가직,공무원,2026,,공개경쟁,,기술직군,환경,일반환경,9급,저소득층,1,14,14.0:1,10,71.4,10.0:1,2,76.00,과목평균,,★2026년도 국가공무원 9급 공개경쟁채용 필기시험 합격선[배포용문서] (1).pdf,
국가직,공무원,2026,,공개경쟁,,기술직군,시설,일반토목,9급,저소득층,2,39,19.5:1,31,79.5,15.5:1,3,67.00,과목평균,,★2026년도 국가공무원 9급 공개경쟁채용 필기시험 합격선[배포용문서] (1).pdf,
국가직,공무원,2026,,공개경쟁,,기술직군,시설,건축,9급,저소득층,1,17,17.0:1,11,64.7,11.0:1,2,55.00,과목평균,,★2026년도 국가공무원 9급 공개경쟁채용 필기시험 합격선[배포용문서] (1).pdf,
국가직,공무원,2026,,공개경쟁,,기술직군,전산,전산개발,9급,저소득층,3,38,12.7:1,27,71.1,9.0:1,4,86.00,과목평균,,★2026년도 국가공무원 9급 공개경쟁채용 필기시험 합격선[배포용문서] (1).pdf,
국가직,공무원,2026,,공개경쟁,,기술직군,방송통신,전송기술,9급,저소득층,1,7,7.0:1,5,71.4,5.0:1,1,91.00,과목평균,,★2026년도 국가공무원 9급 공개경쟁채용 필기시험 합격선[배포용문서] (1).pdf,
국가직,공무원,2026,,공개경쟁,,행정직군,행정,일반행정 전국,9급,저소득층,12,663,55.2:1,425,64.1,35.4:1,13,82.00,과목평균,,★2026년도 국가공무원 9급 공개경쟁채용 필기시험 합격선[배포용문서] (1).pdf,
국가직,공무원,2026,,공개경쟁,,행정직군,행정,우정사업본부 전국,9급,저소득층,3,104,34.7:1,63,60.6,21.0:1,4,77.00,과목평균,,★2026년도 국가공무원 9급 공개경쟁채용 필기시험 합격선[배포용문서] (1).pdf,
국가직,공무원,2026,,공개경쟁,,행정직군,행정,경찰청 전국,9급,저소득층,2,73,36.5:1,55,75.3,27.5:1,3,78.00,과목평균,,★2026년도 국가공무원 9급 공개경쟁채용 필기시험 합격선[배포용문서] (1).pdf,
국가직,공무원,2026,,공개경쟁,,행정직군,행정,고용노동,9급,저소득층,17,195,11.5:1,113,57.9,6.6:1,22,69.00,과목평균,,★2026년도 국가공무원 9급 공개경쟁채용 필기시험 합격선[배포용문서] (1).pdf,
국가직,공무원,2026,,공개경쟁,,행정직군,행정,교육행정,9급,저소득층,1,179,179.0:1,120,67.0,120.0:1,2,90.00,과목평균,,★2026년도 국가공무원 9급 공개경쟁채용 필기시험 합격선[배포용문서] (1).pdf,
국가직,공무원,2026,,공개경쟁,,행정직군,행정,선거행정,9급,저소득층,1,21,21.0:1,13,61.9,13.0:1,2,86.00,과목평균,,★2026년도 국가공무원 9급 공개경쟁채용 필기시험 합격선[배포용문서] (1).pdf,
국가직,공무원,2026,,공개경쟁,,행정직군,직업상담,직업상담,9급,저소득층,2,23,11.5:1,12,52.2,6.0:1,2,48.00,과목평균,,★2026년도 국가공무원 9급 공개경쟁채용 필기시험 합격선[배포용문서] (1).pdf,
국가직,공무원,2026,,공개경쟁,,행정직군,세무,세무,9급,저소득층,34,231,6.8:1,150,64.9,4.4:1,38,61.00,과목평균,,★2026년도 국가공무원 9급 공개경쟁채용 필기시험 합격선[배포용문서] (1).pdf,
국가직,공무원,2026,,공개경쟁,,행정직군,관세,관세,9급,저소득층,6,33,5.5:1,18,54.5,3.0:1,5,52.00,과목평균,,★2026년도 국가공무원 9급 공개경쟁채용 필기시험 합격선[배포용문서] (1).pdf,
국가직,공무원,2026,,공개경쟁,,행정직군,통계,통계,9급,저소득층,3,32,10.7:1,20,62.5,6.7:1,4,82.00,과목평균,,★2026년도 국가공무원 9급 공개경쟁채용 필기시험 합격선[배포용문서] (1).pdf,
국가직,공무원,2026,,공개경쟁,,행정직군,교정,교정,9급,저소득층,7,120,17.1:1,81,67.5,11.6:1,10,72.00,과목평균,,★2026년도 국가공무원 9급 공개경쟁채용 필기시험 합격선[배포용문서] (1).pdf,
국가직,공무원,2026,,공개경쟁,,행정직군,보호,보호,9급,저소득층,3,56,18.7:1,31,55.4,10.3:1,4,72.00,과목평균,,★2026년도 국가공무원 9급 공개경쟁채용 필기시험 합격선[배포용문서] (1).pdf,
국가직,공무원,2026,,공개경쟁,,행정직군,검찰,검찰,9급,저소득층,4,95,23.8:1,74,77.9,18.5:1,6,87.00,과목평균,,★2026년도 국가공무원 9급 공개경쟁채용 필기시험 합격선[배포용문서] (1).pdf,
국가직,공무원,2026,,공개경쟁,,행정직군,마약수사,마약수사,9급,저소득층,1,23,23.0:1,17,73.9,17.0:1,2,84.00,과목평균,,★2026년도 국가공무원 9급 공개경쟁채용 필기시험 합격선[배포용문서] (1).pdf,
국가직,공무원,2026,,공개경쟁,,행정직군,출입국관리,출입국관리,9급,저소득층,1,33,33.0:1,26,78.8,26.0:1,2,82.00,과목평균,,★2026년도 국가공무원 9급 공개경쟁채용 필기시험 합격선[배포용문서] (1).pdf,
국가직,공무원,2026,,공개경쟁,,행정직군,철도경찰,철도경찰,9급,저소득층,1,10,10.0:1,8,80.0,8.0:1,2,78.00,과목평균,,★2026년도 국가공무원 9급 공개경쟁채용 필기시험 합격선[배포용문서] (1).pdf,
국가직,공무원,2023,1차-PSAT,공개경쟁,,행정직군,행정,일반행정 전국,7급,일반,192,9822,51.2:1,6120,62.3,31.9:1,1409,86.66,과목평균,,(붙임) 2023년도 국가직 7급 공채 제1차시험 합격선 및 합격자 통계 (1).pdf,지방인재84.00
국가직,공무원,2023,1차-PSAT,공개경쟁,,행정직군,행정,우정사업본부,7급,일반,19,663,34.9:1,388,58.5,20.4:1,133,81.00,과목평균,80.00,(붙임) 2023년도 국가직 7급 공채 제1차시험 합격선 및 합격자 통계 (1).pdf,
국가직,공무원,2023,1차-PSAT,공개경쟁,,행정직군,행정,인사조직,7급,일반,4,585,146.2:1,275,47.0,68.8:1,27,85.33,과목평균,,(붙임) 2023년도 국가직 7급 공채 제1차시험 합격선 및 합격자 통계 (1).pdf,
국가직,공무원,2023,1차-PSAT,공개경쟁,,행정직군,행정,재경,7급,일반,10,278,27.8:1,190,68.3,19.0:1,72,84.00,과목평균,,(붙임) 2023년도 국가직 7급 공채 제1차시험 합격선 및 합격자 통계 (1).pdf,지방인재81.33
국가직,공무원,2023,1차-PSAT,공개경쟁,,행정직군,행정,고용노동,7급,일반,18,714,39.7:1,433,60.6,24.1:1,133,77.33,과목평균,,(붙임) 2023년도 국가직 7급 공채 제1차시험 합격선 및 합격자 통계 (1).pdf,지방인재76.00
국가직,공무원,2023,1차-PSAT,공개경쟁,,행정직군,행정,교육행정,7급,일반,3,596,198.7:1,284,47.7,94.7:1,25,88.00,과목평균,,(붙임) 2023년도 국가직 7급 공채 제1차시험 합격선 및 합격자 통계 (1).pdf,
국가직,공무원,2023,1차-PSAT,공개경쟁,,행정직군,행정,회계,7급,일반,3,93,31.0:1,52,55.9,17.3:1,24,74.66,과목평균,,(붙임) 2023년도 국가직 7급 공채 제1차시험 합격선 및 합격자 통계 (1).pdf,
국가직,공무원,2023,1차-PSAT,공개경쟁,,행정직군,행정,선거행정,7급,일반,18,865,48.1:1,495,57.2,27.5:1,141,80.00,과목평균,,(붙임) 2023년도 국가직 7급 공채 제1차시험 합격선 및 합격자 통계 (1).pdf,지방인재78.66
국가직,공무원,2023,1차-PSAT,공개경쟁,,행정직군,세무,세무,7급,일반,82,3266,39.8:1,2163,66.2,26.4:1,596,79.66,과목평균,,(붙임) 2023년도 국가직 7급 공채 제1차시험 합격선 및 합격자 통계 (1).pdf,지방인재77.33
국가직,공무원,2023,1차-PSAT,공개경쟁,,행정직군,관세,관세,7급,일반,13,388,29.8:1,243,62.6,18.7:1,96,69.33,과목평균,,(붙임) 2023년도 국가직 7급 공채 제1차시험 합격선 및 합격자 통계 (1).pdf,
국가직,공무원,2023,1차-PSAT,공개경쟁,,행정직군,통계,통계,7급,일반,7,345,49.3:1,236,68.4,33.7:1,49,89.33,과목평균,88.00,(붙임) 2023년도 국가직 7급 공채 제1차시험 합격선 및 합격자 통계 (1).pdf,
국가직,공무원,2023,1차-PSAT,공개경쟁,,행정직군,감사,감사,7급,일반,28,832,29.7:1,599,72.0,21.4:1,212,80.00,과목평균,,(붙임) 2023년도 국가직 7급 공채 제1차시험 합격선 및 합격자 통계 (1).pdf,지방인재78.66
국가직,공무원,2023,1차-PSAT,공개경쟁,,행정직군,교정,교정,7급,일반,40,1286,32.1:1,780,60.7,19.5:1,291,70.66,과목평균,,(붙임) 2023년도 국가직 7급 공채 제1차시험 합격선 및 합격자 통계 (1).pdf,
국가직,공무원,2023,1차-PSAT,공개경쟁,,행정직군,보호,보호,7급,일반,5,172,34.4:1,100,58.1,20.0:1,39,74.66,과목평균,,(붙임) 2023년도 국가직 7급 공채 제1차시험 합격선 및 합격자 통계 (1).pdf,
국가직,공무원,2023,1차-PSAT,공개경쟁,,행정직군,검찰,검찰,7급,일반,10,1474,147.4:1,869,59.0,86.9:1,77,86.66,과목평균,,(붙임) 2023년도 국가직 7급 공채 제1차시험 합격선 및 합격자 통계 (1).pdf,지방인재84.00
국가직,공무원,2023,1차-PSAT,공개경쟁,,행정직군,출입국관리,출입국관리,7급,일반,2,273,136.5:1,179,65.6,89.5:1,13,85.33,과목평균,,(붙임) 2023년도 국가직 7급 공채 제1차시험 합격선 및 합격자 통계 (1).pdf,
국가직,공무원,2023,1차-PSAT,공개경쟁,,기술직군,공업,일반기계,7급,일반,21,639,30.4:1,372,58.2,17.7:1,164,80.00,과목평균,77.33,(붙임) 2023년도 국가직 7급 공채 제1차시험 합격선 및 합격자 통계 (1).pdf,
국가직,공무원,2023,1차-PSAT,공개경쟁,,기술직군,공업,전기,7급,일반,14,668,47.7:1,385,57.6,27.5:1,109,82.66,과목평균,80.00,(붙임) 2023년도 국가직 7급 공채 제1차시험 합격선 및 합격자 통계 (1).pdf,
국가직,공무원,2023,1차-PSAT,공개경쟁,,기술직군,공업,화공,7급,일반,9,392,43.6:1,264,67.3,29.3:1,68,86.66,과목평균,85.33,(붙임) 2023년도 국가직 7급 공채 제1차시험 합격선 및 합격자 통계 (1).pdf,
국가직,공무원,2023,1차-PSAT,공개경쟁,,기술직군,농업,일반농업,7급,일반,6,326,54.3:1,180,55.2,30.0:1,46,81.33,과목평균,,(붙임) 2023년도 국가직 7급 공채 제1차시험 합격선 및 합격자 통계 (1).pdf,
국가직,공무원,2023,1차-PSAT,공개경쟁,,기술직군,임업,산림자원,7급,일반,6,259,43.2:1,134,51.7,22.3:1,44,77.33,과목평균,,(붙임) 2023년도 국가직 7급 공채 제1차시험 합격선 및 합격자 통계 (1).pdf,
국가직,공무원,2023,1차-PSAT,공개경쟁,,기술직군,시설,일반토목,7급,일반,38,547,14.4:1,318,58.1,8.4:1,285,53.33,과목평균,,(붙임) 2023년도 국가직 7급 공채 제1차시험 합격선 및 합격자 통계 (1).pdf,
국가직,공무원,2023,1차-PSAT,공개경쟁,,기술직군,시설,건축,7급,일반,16,429,26.8:1,242,56.4,15.1:1,119,69.33,과목평균,,(붙임) 2023년도 국가직 7급 공채 제1차시험 합격선 및 합격자 통계 (1).pdf,
국가직,공무원,2023,1차-PSAT,공개경쟁,,기술직군,방재안전,방재안전,7급,일반,6,117,19.5:1,59,50.4,9.8:1,44,56.00,과목평균,,(붙임) 2023년도 국가직 7급 공채 제1차시험 합격선 및 합격자 통계 (1).pdf,
국가직,공무원,2023,1차-PSAT,공개경쟁,,기술직군,전산,전산개발,7급,일반,38,856,22.5:1,552,64.5,14.5:1,291,72.00,과목평균,,(붙임) 2023년도 국가직 7급 공채 제1차시험 합격선 및 합격자 통계 (1).pdf,
국가직,공무원,2023,1차-PSAT,공개경쟁,,기술직군,전산,데이터,7급,일반,16,257,16.1:1,146,56.8,9.1:1,119,49.33,과목평균,,(붙임) 2023년도 국가직 7급 공채 제1차시험 합격선 및 합격자 통계 (1).pdf,
국가직,공무원,2023,1차-PSAT,공개경쟁,,기술직군,방송통신,전송기술,7급,일반,16,245,15.3:1,152,62.0,9.5:1,118,62.66,과목평균,,(붙임) 2023년도 국가직 7급 공채 제1차시험 합격선 및 합격자 통계 (1).pdf,
국가직,공무원,2023,1차-PSAT,공개경쟁,,행정직군,외무영사,외무영사,7급,일반,28,2281,81.5:1,1743,76.4,62.2:1,232,87.66,과목평균,86.66,(붙임) 2023년도 국가직 7급 공채 제1차시험 합격선 및 합격자 통계 (1).pdf,지방인재85.33
국가직,공무원,2023,1차-PSAT,공개경쟁,,행정직군,행정,일반행정 전국,7급,장애인,16,122,7.6:1,62,50.8,3.9:1,44,50.66,과목평균,,(붙임) 2023년도 국가직 7급 공채 제1차시험 합격선 및 합격자 통계 (1).pdf,
국가직,공무원,2023,1차-PSAT,공개경쟁,,행정직군,행정,우정사업본부,7급,장애인,2,8,4.0:1,3,37.5,1.5:1,3,61.33,과목평균,,(붙임) 2023년도 국가직 7급 공채 제1차시험 합격선 및 합격자 통계 (1).pdf,
국가직,공무원,2023,1차-PSAT,공개경쟁,,행정직군,행정,재경,7급,장애인,1,5,5.0:1,4,80.0,4.0:1,4,46.66,과목평균,,(붙임) 2023년도 국가직 7급 공채 제1차시험 합격선 및 합격자 통계 (1).pdf,
국가직,공무원,2023,1차-PSAT,공개경쟁,,행정직군,행정,고용노동,7급,장애인,2,20,10.0:1,11,55.0,5.5:1,7,53.33,과목평균,,(붙임) 2023년도 국가직 7급 공채 제1차시험 합격선 및 합격자 통계 (1).pdf,
국가직,공무원,2023,1차-PSAT,공개경쟁,,행정직군,행정,선거행정,7급,장애인,2,25,12.5:1,17,68.0,8.5:1,14,48.00,과목평균,,(붙임) 2023년도 국가직 7급 공채 제1차시험 합격선 및 합격자 통계 (1).pdf,
국가직,공무원,2023,1차-PSAT,공개경쟁,,행정직군,세무,세무,7급,장애인,7,45,6.4:1,28,62.2,4.0:1,24,49.33,과목평균,,(붙임) 2023년도 국가직 7급 공채 제1차시험 합격선 및 합격자 통계 (1).pdf,
국가직,공무원,2023,1차-PSAT,공개경쟁,,행정직군,관세,관세,7급,장애인,2,10,5.0:1,7,70.0,3.5:1,4,50.66,과목평균,,(붙임) 2023년도 국가직 7급 공채 제1차시험 합격선 및 합격자 통계 (1).pdf,
국가직,공무원,2023,1차-PSAT,공개경쟁,,행정직군,통계,통계,7급,장애인,1,6,6.0:1,2,33.3,2.0:1,1,70.66,과목평균,,(붙임) 2023년도 국가직 7급 공채 제1차시험 합격선 및 합격자 통계 (1).pdf,
국가직,공무원,2023,1차-PSAT,공개경쟁,,행정직군,감사,감사,7급,장애인,2,38,19.0:1,18,47.4,9.0:1,11,48.00,과목평균,,(붙임) 2023년도 국가직 7급 공채 제1차시험 합격선 및 합격자 통계 (1).pdf,
국가직,공무원,2023,1차-PSAT,공개경쟁,,기술직군,공업,일반기계,7급,장애인,2,3,1.5:1,1,33.3,0.5:1,1,70.66,과목평균,,(붙임) 2023년도 국가직 7급 공채 제1차시험 합격선 및 합격자 통계 (1).pdf,
국가직,공무원,2023,1차-PSAT,공개경쟁,,기술직군,공업,전기,7급,장애인,1,4,4.0:1,3,75.0,3.0:1,3,62.66,과목평균,,(붙임) 2023년도 국가직 7급 공채 제1차시험 합격선 및 합격자 통계 (1).pdf,
국가직,공무원,2023,1차-PSAT,공개경쟁,,기술직군,공업,화공,7급,장애인,1,1,1.0:1,1,100.0,1.0:1,,,,,(붙임) 2023년도 국가직 7급 공채 제1차시험 합격선 및 합격자 통계 (1).pdf,전원 과락
국가직,공무원,2023,1차-PSAT,공개경쟁,,기술직군,시설,일반토목,7급,장애인,3,1,0.3:1,,,,,,,,(붙임) 2023년도 국가직 7급 공채 제1차시험 합격선 및 합격자 통계 (1).pdf,응시자 없음
국가직,공무원,2023,1차-PSAT,공개경쟁,,기술직군,시설,건축,7급,장애인,1,3,3.0:1,1,33.3,1.0:1,1,74.66,과목평균,,(붙임) 2023년도 국가직 7급 공채 제1차시험 합격선 및 합격자 통계 (1).pdf,
국가직,공무원,2023,1차-PSAT,공개경쟁,,기술직군,방재안전,방재안전,7급,장애인,1,1,1.0:1,1,100.0,1.0:1,1,45.33,과목평균,,(붙임) 2023년도 국가직 7급 공채 제1차시험 합격선 및 합격자 통계 (1).pdf,
국가직,공무원,2023,1차-PSAT,공개경쟁,,기술직군,전산,전산개발,7급,장애인,3,10,3.3:1,5,50.0,1.7:1,4,57.33,과목평균,,(붙임) 2023년도 국가직 7급 공채 제1차시험 합격선 및 합격자 통계 (1).pdf,
국가직,공무원,2023,1차-PSAT,공개경쟁,,기술직군,전산,데이터,7급,장애인,1,1,1.0:1,,,,,,,,(붙임) 2023년도 국가직 7급 공채 제1차시험 합격선 및 합격자 통계 (1).pdf,응시자 없음
국가직,공무원,2023,1차-PSAT,공개경쟁,,기술직군,방송통신,전송기술,7급,장애인,2,2,1.0:1,1,50.0,0.5:1,1,57.33,과목평균,,(붙임) 2023년도 국가직 7급 공채 제1차시험 합격선 및 합격자 통계 (1).pdf,
국가직,공무원,2023,1차-PSAT,공개경쟁,,행정직군,외무영사,외무영사,7급,장애인,2,26,13.0:1,15,57.7,7.5:1,12,44.00,과목평균,,(붙임) 2023년도 국가직 7급 공채 제1차시험 합격선 및 합격자 통계 (1).pdf,
국가직,공무원,2023,2차-전공,공개경쟁,,행정직군,행정,일반행정 전국,7급,일반,192,9822,51.2:1,1227,12.5,6.4:1,241,81.00,과목평균,,(붙임) 2023년도 국가공무원 7급 공개경쟁채용 제2차시험 합격선 및 합격자 통계 .pdf,지방인재79.00
국가직,공무원,2023,2차-전공,공개경쟁,,행정직군,행정,우정사업본부,7급,일반,19,663,34.9:1,121,18.3,6.4:1,22,82.00,과목평균,81.00,(붙임) 2023년도 국가공무원 7급 공개경쟁채용 제2차시험 합격선 및 합격자 통계 .pdf,
국가직,공무원,2023,2차-전공,공개경쟁,,행정직군,행정,인사조직,7급,일반,4,585,146.2:1,24,4.1,6.0:1,5,83.00,과목평균,,(붙임) 2023년도 국가공무원 7급 공개경쟁채용 제2차시험 합격선 및 합격자 통계 .pdf,
국가직,공무원,2023,2차-전공,공개경쟁,,행정직군,행정,재경,7급,일반,10,278,27.8:1,59,21.2,5.9:1,12,86.00,과목평균,,(붙임) 2023년도 국가공무원 7급 공개경쟁채용 제2차시험 합격선 및 합격자 통계 .pdf,
국가직,공무원,2023,2차-전공,공개경쟁,,행정직군,행정,고용노동,7급,일반,18,714,39.7:1,128,17.9,7.1:1,23,87.00,과목평균,86.00,(붙임) 2023년도 국가공무원 7급 공개경쟁채용 제2차시험 합격선 및 합격자 통계 .pdf,
국가직,공무원,2023,2차-전공,공개경쟁,,행정직군,행정,교육행정,7급,일반,3,596,198.7:1,17,2.9,5.7:1,4,84.00,과목평균,,(붙임) 2023년도 국가공무원 7급 공개경쟁채용 제2차시험 합격선 및 합격자 통계 .pdf,
국가직,공무원,2023,2차-전공,공개경쟁,,행정직군,행정,회계,7급,일반,3,93,31.0:1,21,22.6,7.0:1,4,79.00,과목평균,,(붙임) 2023년도 국가공무원 7급 공개경쟁채용 제2차시험 합격선 및 합격자 통계 .pdf,
국가직,공무원,2023,2차-전공,공개경쟁,,행정직군,행정,선거행정,7급,일반,18,865,48.1:1,131,15.1,7.3:1,22,86.00,과목평균,,(붙임) 2023년도 국가공무원 7급 공개경쟁채용 제2차시험 합격선 및 합격자 통계 .pdf,
국가직,공무원,2023,2차-전공,공개경쟁,,행정직군,세무,세무,7급,일반,82,3266,39.8:1,542,16.6,6.6:1,101,78.00,과목평균,,(붙임) 2023년도 국가공무원 7급 공개경쟁채용 제2차시험 합격선 및 합격자 통계 .pdf,
국가직,공무원,2023,2차-전공,공개경쟁,,행정직군,관세,관세,7급,일반,13,388,29.8:1,91,23.5,7.0:1,15,80.00,과목평균,,(붙임) 2023년도 국가공무원 7급 공개경쟁채용 제2차시험 합격선 및 합격자 통계 .pdf,
국가직,공무원,2023,2차-전공,공개경쟁,,행정직군,통계,통계,7급,일반,7,345,49.3:1,40,11.6,5.7:1,9,77.00,과목평균,,(붙임) 2023년도 국가공무원 7급 공개경쟁채용 제2차시험 합격선 및 합격자 통계 .pdf,
국가직,공무원,2023,2차-전공,공개경쟁,,행정직군,감사,감사,7급,일반,28,832,29.7:1,190,22.8,6.8:1,33,88.00,과목평균,87.00,(붙임) 2023년도 국가공무원 7급 공개경쟁채용 제2차시험 합격선 및 합격자 통계 .pdf,
국가직,공무원,2023,2차-전공,공개경쟁,,행정직군,교정,교정,7급,일반,40,1286,32.1:1,267,20.8,6.7:1,53,79.00,과목평균,,(붙임) 2023년도 국가공무원 7급 공개경쟁채용 제2차시험 합격선 및 합격자 통계 .pdf,
국가직,공무원,2023,2차-전공,공개경쟁,,행정직군,보호,보호,7급,일반,5,172,34.4:1,30,17.4,6.0:1,8,81.00,과목평균,,(붙임) 2023년도 국가공무원 7급 공개경쟁채용 제2차시험 합격선 및 합격자 통계 .pdf,
국가직,공무원,2023,2차-전공,공개경쟁,,행정직군,검찰,검찰,7급,일반,10,1474,147.4:1,71,4.8,7.1:1,14,92.00,과목평균,,(붙임) 2023년도 국가공무원 7급 공개경쟁채용 제2차시험 합격선 및 합격자 통계 .pdf,지방인재90.00
국가직,공무원,2023,2차-전공,공개경쟁,,행정직군,출입국관리,출입국관리,7급,일반,2,273,136.5:1,13,4.8,6.5:1,3,86.00,과목평균,,(붙임) 2023년도 국가공무원 7급 공개경쟁채용 제2차시험 합격선 및 합격자 통계 .pdf,
국가직,공무원,2023,2차-전공,공개경쟁,,기술직군,공업,일반기계,7급,일반,21,639,30.4:1,135,21.1,6.4:1,24,75.00,과목평균,74.00,(붙임) 2023년도 국가공무원 7급 공개경쟁채용 제2차시험 합격선 및 합격자 통계 .pdf,
국가직,공무원,2023,2차-전공,공개경쟁,,기술직군,공업,전기,7급,일반,14,668,47.7:1,86,12.9,6.1:1,17,72.00,과목평균,69.00,(붙임) 2023년도 국가공무원 7급 공개경쟁채용 제2차시험 합격선 및 합격자 통계 .pdf,지방인재71.00
국가직,공무원,2023,2차-전공,공개경쟁,,기술직군,공업,화공,7급,일반,9,392,43.6:1,60,15.3,6.7:1,10,74.00,과목평균,,(붙임) 2023년도 국가공무원 7급 공개경쟁채용 제2차시험 합격선 및 합격자 통계 .pdf,
국가직,공무원,2023,2차-전공,공개경쟁,,기술직군,농업,일반농업,7급,일반,6,326,54.3:1,42,12.9,7.0:1,7,92.00,과목평균,,(붙임) 2023년도 국가공무원 7급 공개경쟁채용 제2차시험 합격선 및 합격자 통계 .pdf,
국가직,공무원,2023,2차-전공,공개경쟁,,기술직군,임업,산림자원,7급,일반,6,259,43.2:1,35,13.5,5.8:1,7,55.00,과목평균,,(붙임) 2023년도 국가공무원 7급 공개경쟁채용 제2차시험 합격선 및 합격자 통계 .pdf,
국가직,공무원,2023,2차-전공,공개경쟁,,기술직군,시설,일반토목,7급,일반,38,547,14.4:1,226,41.3,5.9:1,50,71.00,과목평균,68.00,(붙임) 2023년도 국가공무원 7급 공개경쟁채용 제2차시험 합격선 및 합격자 통계 .pdf,
국가직,공무원,2023,2차-전공,공개경쟁,,기술직군,시설,건축,7급,일반,16,429,26.8:1,102,23.8,6.4:1,20,70.00,과목평균,,(붙임) 2023년도 국가공무원 7급 공개경쟁채용 제2차시험 합격선 및 합격자 통계 .pdf,지방인재68.00
국가직,공무원,2023,2차-전공,공개경쟁,,기술직군,방재안전,방재안전,7급,일반,6,117,19.5:1,36,30.8,6.0:1,7,78.00,과목평균,,(붙임) 2023년도 국가공무원 7급 공개경쟁채용 제2차시험 합격선 및 합격자 통계 .pdf,
국가직,공무원,2023,2차-전공,공개경쟁,,기술직군,전산,전산개발,7급,일반,38,856,22.5:1,269,31.4,7.1:1,52,79.00,과목평균,,(붙임) 2023년도 국가공무원 7급 공개경쟁채용 제2차시험 합격선 및 합격자 통계 .pdf,
국가직,공무원,2023,2차-전공,공개경쟁,,기술직군,전산,데이터,7급,일반,16,257,16.1:1,102,39.7,6.4:1,20,70.00,과목평균,,(붙임) 2023년도 국가공무원 7급 공개경쟁채용 제2차시험 합격선 및 합격자 통계 .pdf,지방인재69.00
국가직,공무원,2023,2차-전공,공개경쟁,,기술직군,방송통신,전송기술,7급,일반,16,245,15.3:1,87,35.5,5.4:1,18,65.00,과목평균,,(붙임) 2023년도 국가공무원 7급 공개경쟁채용 제2차시험 합격선 및 합격자 통계 .pdf,
국가직,공무원,2023,2차-전공,공개경쟁,,행정직군,외무영사,외무영사,7급,일반,28,2281,81.5:1,201,8.8,7.2:1,36,82.00,과목평균,,(붙임) 2023년도 국가공무원 7급 공개경쟁채용 제2차시험 합격선 및 합격자 통계 .pdf,지방인재80.00
국가직,공무원,2023,2차-전공,공개경쟁,,행정직군,행정,일반행정 전국,7급,장애인,16,122,7.6:1,39,32.0,2.4:1,19,50.00,과목평균,,(붙임) 2023년도 국가공무원 7급 공개경쟁채용 제2차시험 합격선 및 합격자 통계 .pdf,
국가직,공무원,2023,2차-전공,공개경쟁,,행정직군,행정,우정사업본부,7급,장애인,2,8,4.0:1,3,37.5,1.5:1,1,64.00,과목평균,,(붙임) 2023년도 국가공무원 7급 공개경쟁채용 제2차시험 합격선 및 합격자 통계 .pdf,
국가직,공무원,2023,2차-전공,공개경쟁,,행정직군,행정,재경,7급,장애인,1,5,5.0:1,4,80.0,4.0:1,1,65.00,과목평균,,(붙임) 2023년도 국가공무원 7급 공개경쟁채용 제2차시험 합격선 및 합격자 통계 .pdf,
국가직,공무원,2023,2차-전공,공개경쟁,,행정직군,행정,고용노동,7급,장애인,2,20,10.0:1,8,40.0,4.0:1,3,52.00,과목평균,,(붙임) 2023년도 국가공무원 7급 공개경쟁채용 제2차시험 합격선 및 합격자 통계 .pdf,
국가직,공무원,2023,2차-전공,공개경쟁,,행정직군,행정,선거행정,7급,장애인,2,25,12.5:1,13,52.0,6.5:1,3,75.00,과목평균,,(붙임) 2023년도 국가공무원 7급 공개경쟁채용 제2차시험 합격선 및 합격자 통계 .pdf,
국가직,공무원,2023,2차-전공,공개경쟁,,행정직군,세무,세무,7급,장애인,7,45,6.4:1,22,48.9,3.1:1,7,50.00,과목평균,,(붙임) 2023년도 국가공무원 7급 공개경쟁채용 제2차시험 합격선 및 합격자 통계 .pdf,
국가직,공무원,2023,2차-전공,공개경쟁,,행정직군,관세,관세,7급,장애인,2,10,5.0:1,4,40.0,2.0:1,3,61.00,과목평균,,(붙임) 2023년도 국가공무원 7급 공개경쟁채용 제2차시험 합격선 및 합격자 통계 .pdf,
국가직,공무원,2023,2차-전공,공개경쟁,,행정직군,통계,통계,7급,장애인,1,6,6.0:1,,,,,,,,(붙임) 2023년도 국가공무원 7급 공개경쟁채용 제2차시험 합격선 및 합격자 통계 .pdf,응시자 없음
국가직,공무원,2023,2차-전공,공개경쟁,,행정직군,감사,감사,7급,장애인,2,38,19.0:1,11,28.9,5.5:1,3,55.00,과목평균,,(붙임) 2023년도 국가공무원 7급 공개경쟁채용 제2차시험 합격선 및 합격자 통계 .pdf,
국가직,공무원,2023,2차-전공,공개경쟁,,기술직군,공업,일반기계,7급,장애인,2,3,1.5:1,1,33.3,0.5:1,,,,,(붙임) 2023년도 국가공무원 7급 공개경쟁채용 제2차시험 합격선 및 합격자 통계 .pdf,전원 과락
국가직,공무원,2023,2차-전공,공개경쟁,,기술직군,공업,전기,7급,장애인,1,4,4.0:1,2,50.0,2.0:1,,,,,(붙임) 2023년도 국가공무원 7급 공개경쟁채용 제2차시험 합격선 및 합격자 통계 .pdf,전원 과락
국가직,공무원,2023,2차-전공,공개경쟁,,기술직군,공업,화공,7급,장애인,1,1,1.0:1,,,,,,,,(붙임) 2023년도 국가공무원 7급 공개경쟁채용 제2차시험 합격선 및 합격자 통계 .pdf,응시자 없음
국가직,공무원,2023,2차-전공,공개경쟁,,기술직군,시설,일반토목,7급,장애인,3,1,0.3:1,,,,,,,,(붙임) 2023년도 국가공무원 7급 공개경쟁채용 제2차시험 합격선 및 합격자 통계 .pdf,응시자 없음
국가직,공무원,2023,2차-전공,공개경쟁,,기술직군,시설,건축,7급,장애인,1,3,3.0:1,,,,,,,,(붙임) 2023년도 국가공무원 7급 공개경쟁채용 제2차시험 합격선 및 합격자 통계 .pdf,응시자 없음
국가직,공무원,2023,2차-전공,공개경쟁,,기술직군,방재안전,방재안전,7급,장애인,1,1,1.0:1,1,100.0,1.0:1,1,63.00,과목평균,,(붙임) 2023년도 국가공무원 7급 공개경쟁채용 제2차시험 합격선 및 합격자 통계 .pdf,
국가직,공무원,2023,2차-전공,공개경쟁,,기술직군,전산,전산개발,7급,장애인,3,10,3.3:1,4,40.0,1.3:1,3,58.00,과목평균,,(붙임) 2023년도 국가공무원 7급 공개경쟁채용 제2차시험 합격선 및 합격자 통계 .pdf,
국가직,공무원,2023,2차-전공,공개경쟁,,기술직군,전산,데이터,7급,장애인,1,1,1.0:1,,,,,,,,(붙임) 2023년도 국가공무원 7급 공개경쟁채용 제2차시험 합격선 및 합격자 통계 .pdf,응시자 없음
국가직,공무원,2023,2차-전공,공개경쟁,,기술직군,방송통신,전송기술,7급,장애인,2,2,1.0:1,1,50.0,0.5:1,,,,,(붙임) 2023년도 국가공무원 7급 공개경쟁채용 제2차시험 합격선 및 합격자 통계 .pdf,전원 과락
국가직,공무원,2023,2차-전공,공개경쟁,,행정직군,외무영사,외무영사,7급,장애인,2,26,13.0:1,12,46.2,6.0:1,3,70.00,과목평균,,(붙임) 2023년도 국가공무원 7급 공개경쟁채용 제2차시험 합격선 및 합격자 통계 .pdf,
국가직,공무원,2024,1차-PSAT,공개경쟁,,행정직군,행정,일반행정 전국,7급,일반,172,8502,49.4:1,5303,62.4,30.8:1,1214,86.00,과목평균,,2024년도 국가공무원 7급 공개경쟁채용 제1차시험 합격선 및 합격자 통계 (1).pdf,지방인재83.66
국가직,공무원,2024,1차-PSAT,공개경쟁,,행정직군,행정,우정사업본부,7급,일반,15,505,33.7:1,322,63.8,21.5:1,114,80.00,과목평균,,2024년도 국가공무원 7급 공개경쟁채용 제1차시험 합격선 및 합격자 통계 (1).pdf,지방인재78.66
국가직,공무원,2024,1차-PSAT,공개경쟁,,행정직군,행정,인사조직,7급,일반,3,432,144.0:1,209,48.4,69.7:1,18,85.33,과목평균,,2024년도 국가공무원 7급 공개경쟁채용 제1차시험 합격선 및 합격자 통계 (1).pdf,
국가직,공무원,2024,1차-PSAT,공개경쟁,,행정직군,행정,재경,7급,일반,5,152,30.4:1,102,67.1,20.4:1,37,84.00,과목평균,,2024년도 국가공무원 7급 공개경쟁채용 제1차시험 합격선 및 합격자 통계 (1).pdf,
국가직,공무원,2024,1차-PSAT,공개경쟁,,행정직군,행정,고용노동,7급,일반,12,478,39.8:1,276,57.7,23.0:1,82,78.66,과목평균,,2024년도 국가공무원 7급 공개경쟁채용 제1차시험 합격선 및 합격자 통계 (1).pdf,지방인재77.33
국가직,공무원,2024,1차-PSAT,공개경쟁,,행정직군,행정,교육행정,7급,일반,5,469,93.8:1,218,46.5,43.6:1,39,82.66,과목평균,,2024년도 국가공무원 7급 공개경쟁채용 제1차시험 합격선 및 합격자 통계 (1).pdf,
국가직,공무원,2024,1차-PSAT,공개경쟁,,행정직군,행정,회계,7급,일반,1,58,58.0:1,34,58.6,34.0:1,7,80.00,과목평균,,2024년도 국가공무원 7급 공개경쟁채용 제1차시험 합격선 및 합격자 통계 (1).pdf,
국가직,공무원,2024,1차-PSAT,공개경쟁,,행정직군,행정,선거행정,7급,일반,16,830,51.9:1,487,58.7,30.4:1,110,82.66,과목평균,,2024년도 국가공무원 7급 공개경쟁채용 제1차시험 합격선 및 합격자 통계 (1).pdf,지방인재80.00
국가직,공무원,2024,1차-PSAT,공개경쟁,,행정직군,세무,세무,7급,일반,77,3385,44.0:1,2116,62.5,27.5:1,577,80.00,과목평균,,2024년도 국가공무원 7급 공개경쟁채용 제1차시험 합격선 및 합격자 통계 (1).pdf,지방인재78.66
국가직,공무원,2024,1차-PSAT,공개경쟁,,행정직군,관세,관세,7급,일반,15,492,32.8:1,323,65.7,21.5:1,112,73.33,과목평균,,2024년도 국가공무원 7급 공개경쟁채용 제1차시험 합격선 및 합격자 통계 (1).pdf,
국가직,공무원,2024,1차-PSAT,공개경쟁,,행정직군,통계,통계,7급,일반,6,298,49.7:1,199,66.8,33.2:1,45,89.33,과목평균,88.00,2024년도 국가공무원 7급 공개경쟁채용 제1차시험 합격선 및 합격자 통계 (1).pdf,
국가직,공무원,2024,1차-PSAT,공개경쟁,,행정직군,감사,감사,7급,일반,27,834,30.9:1,549,65.8,20.3:1,203,78.66,과목평균,,2024년도 국가공무원 7급 공개경쟁채용 제1차시험 합격선 및 합격자 통계 (1).pdf,지방인재77.33
국가직,공무원,2024,1차-PSAT,공개경쟁,,행정직군,교정,교정,7급,일반,34,1337,39.3:1,791,59.2,23.3:1,257,72.00,과목평균,,2024년도 국가공무원 7급 공개경쟁채용 제1차시험 합격선 및 합격자 통계 (1).pdf,
국가직,공무원,2024,1차-PSAT,공개경쟁,,행정직군,보호,보호,7급,일반,4,192,48.0:1,95,49.5,23.8:1,29,73.33,과목평균,,2024년도 국가공무원 7급 공개경쟁채용 제1차시험 합격선 및 합격자 통계 (1).pdf,
국가직,공무원,2024,1차-PSAT,공개경쟁,,행정직군,검찰,검찰,7급,일반,11,1411,128.3:1,788,55.8,71.6:1,76,86.00,과목평균,,2024년도 국가공무원 7급 공개경쟁채용 제1차시험 합격선 및 합격자 통계 (1).pdf,
국가직,공무원,2024,1차-PSAT,공개경쟁,,행정직군,출입국관리,출입국관리,7급,일반,6,353,58.8:1,222,62.9,37.0:1,44,80.00,과목평균,,2024년도 국가공무원 7급 공개경쟁채용 제1차시험 합격선 및 합격자 통계 (1).pdf,
국가직,공무원,2024,1차-PSAT,공개경쟁,,기술직군,공업,일반기계,7급,일반,17,451,26.5:1,291,64.5,17.1:1,135,80.00,과목평균,77.33,2024년도 국가공무원 7급 공개경쟁채용 제1차시험 합격선 및 합격자 통계 (1).pdf,
국가직,공무원,2024,1차-PSAT,공개경쟁,,기술직군,공업,전기,7급,일반,15,514,34.3:1,266,51.8,17.7:1,106,80.00,과목평균,77.33,2024년도 국가공무원 7급 공개경쟁채용 제1차시험 합격선 및 합격자 통계 (1).pdf,
국가직,공무원,2024,1차-PSAT,공개경쟁,,기술직군,공업,화공,7급,일반,9,355,39.4:1,207,58.3,23.0:1,70,86.66,과목평균,85.33,2024년도 국가공무원 7급 공개경쟁채용 제1차시험 합격선 및 합격자 통계 (1).pdf,
국가직,공무원,2024,1차-PSAT,공개경쟁,,기술직군,농업,일반농업,7급,일반,6,322,53.7:1,178,55.3,29.7:1,46,80.00,과목평균,,2024년도 국가공무원 7급 공개경쟁채용 제1차시험 합격선 및 합격자 통계 (1).pdf,
국가직,공무원,2024,1차-PSAT,공개경쟁,,기술직군,임업,산림자원,7급,일반,7,262,37.4:1,139,53.1,19.9:1,54,77.33,과목평균,,2024년도 국가공무원 7급 공개경쟁채용 제1차시험 합격선 및 합격자 통계 (1).pdf,
국가직,공무원,2024,1차-PSAT,공개경쟁,,기술직군,시설,일반토목,7급,일반,28,530,18.9:1,301,56.8,10.8:1,204,66.66,과목평균,64.00,2024년도 국가공무원 7급 공개경쟁채용 제1차시험 합격선 및 합격자 통계 (1).pdf,
국가직,공무원,2024,1차-PSAT,공개경쟁,,기술직군,시설,건축,7급,일반,15,382,25.5:1,210,55.0,14.0:1,117,69.33,과목평균,,2024년도 국가공무원 7급 공개경쟁채용 제1차시험 합격선 및 합격자 통계 (1).pdf,
국가직,공무원,2024,1차-PSAT,공개경쟁,,기술직군,방재안전,방재안전,7급,일반,7,142,20.3:1,70,49.3,10.0:1,53,53.33,과목평균,,2024년도 국가공무원 7급 공개경쟁채용 제1차시험 합격선 및 합격자 통계 (1).pdf,
국가직,공무원,2024,1차-PSAT,공개경쟁,,기술직군,전산,전산개발,7급,일반,35,915,26.1:1,568,62.1,16.2:1,262,73.33,과목평균,,2024년도 국가공무원 7급 공개경쟁채용 제1차시험 합격선 및 합격자 통계 (1).pdf,
국가직,공무원,2024,1차-PSAT,공개경쟁,,기술직군,전산,데이터,7급,일반,15,383,25.5:1,206,53.8,13.7:1,115,69.33,과목평균,,2024년도 국가공무원 7급 공개경쟁채용 제1차시험 합격선 및 합격자 통계 (1).pdf,
국가직,공무원,2024,1차-PSAT,공개경쟁,,기술직군,방송통신,전송기술,7급,일반,19,258,13.6:1,157,60.9,8.3:1,140,42.66,과목평균,,2024년도 국가공무원 7급 공개경쟁채용 제1차시험 합격선 및 합격자 통계 (1).pdf,
국가직,공무원,2024,1차-PSAT,공개경쟁,,행정직군,외무영사,외무영사,7급,일반,23,1891,82.2:1,1457,77.0,63.3:1,166,89.33,과목평균,88.00,2024년도 국가공무원 7급 공개경쟁채용 제1차시험 합격선 및 합격자 통계 (1).pdf,지방인재86.66
국가직,공무원,2024,1차-PSAT,공개경쟁,,행정직군,행정,일반행정 전국,7급,장애인,18,130,7.2:1,81,62.3,4.5:1,64,48.00,과목평균,,2024년도 국가공무원 7급 공개경쟁채용 제1차시험 합격선 및 합격자 통계 (1).pdf,
국가직,공무원,2024,1차-PSAT,공개경쟁,,행정직군,행정,우정사업본부,7급,장애인,1,7,7.0:1,5,71.4,5.0:1,1,56.00,과목평균,,2024년도 국가공무원 7급 공개경쟁채용 제1차시험 합격선 및 합격자 통계 (1).pdf,
국가직,공무원,2024,1차-PSAT,공개경쟁,,행정직군,행정,재경,7급,장애인,1,3,3.0:1,3,100.0,3.0:1,3,53.33,과목평균,,2024년도 국가공무원 7급 공개경쟁채용 제1차시험 합격선 및 합격자 통계 (1).pdf,
국가직,공무원,2024,1차-PSAT,공개경쟁,,행정직군,행정,고용노동,7급,장애인,1,10,10.0:1,5,50.0,5.0:1,3,65.33,과목평균,,2024년도 국가공무원 7급 공개경쟁채용 제1차시험 합격선 및 합격자 통계 (1).pdf,
국가직,공무원,2024,1차-PSAT,공개경쟁,,행정직군,행정,선거행정,7급,장애인,1,17,17.0:1,6,35.3,6.0:1,3,57.33,과목평균,,2024년도 국가공무원 7급 공개경쟁채용 제1차시험 합격선 및 합격자 통계 (1).pdf,
국가직,공무원,2024,1차-PSAT,공개경쟁,,행정직군,세무,세무,7급,장애인,8,50,6.2:1,36,72.0,4.5:1,32,46.66,과목평균,,2024년도 국가공무원 7급 공개경쟁채용 제1차시험 합격선 및 합격자 통계 (1).pdf,
국가직,공무원,2024,1차-PSAT,공개경쟁,,행정직군,관세,관세,7급,장애인,1,7,7.0:1,5,71.4,5.0:1,1,48.00,과목평균,,2024년도 국가공무원 7급 공개경쟁채용 제1차시험 합격선 및 합격자 통계 (1).pdf,
국가직,공무원,2024,1차-PSAT,공개경쟁,,행정직군,감사,감사,7급,장애인,3,55,18.3:1,35,63.6,11.7:1,22,57.33,과목평균,,2024년도 국가공무원 7급 공개경쟁채용 제1차시험 합격선 및 합격자 통계 (1).pdf,
국가직,공무원,2024,1차-PSAT,공개경쟁,,기술직군,공업,일반기계,7급,장애인,1,2,2.0:1,2,100.0,2.0:1,1,66.66,과목평균,,2024년도 국가공무원 7급 공개경쟁채용 제1차시험 합격선 및 합격자 통계 (1).pdf,
국가직,공무원,2024,1차-PSAT,공개경쟁,,기술직군,공업,전기,7급,장애인,1,2,2.0:1,1,50.0,1.0:1,1,56.00,과목평균,,2024년도 국가공무원 7급 공개경쟁채용 제1차시험 합격선 및 합격자 통계 (1).pdf,
국가직,공무원,2024,1차-PSAT,공개경쟁,,기술직군,공업,화공,7급,장애인,1,1,1.0:1,1,100.0,1.0:1,1,78.66,과목평균,,2024년도 국가공무원 7급 공개경쟁채용 제1차시험 합격선 및 합격자 통계 (1).pdf,
국가직,공무원,2024,1차-PSAT,공개경쟁,,기술직군,시설,일반토목,7급,장애인,2,1,0.5:1,,,,,,,,2024년도 국가공무원 7급 공개경쟁채용 제1차시험 합격선 및 합격자 통계 (1).pdf,응시자 없음
국가직,공무원,2024,1차-PSAT,공개경쟁,,기술직군,시설,건축,7급,장애인,1,7,7.0:1,1,14.3,1.0:1,1,70.66,과목평균,,2024년도 국가공무원 7급 공개경쟁채용 제1차시험 합격선 및 합격자 통계 (1).pdf,
국가직,공무원,2024,1차-PSAT,공개경쟁,,기술직군,방재안전,방재안전,7급,장애인,1,,,,,,,,,,2024년도 국가공무원 7급 공개경쟁채용 제1차시험 합격선 및 합격자 통계 (1).pdf,출원자 없음
국가직,공무원,2024,1차-PSAT,공개경쟁,,기술직군,전산,전산개발,7급,장애인,3,7,2.3:1,4,57.1,1.3:1,1,74.66,과목평균,,2024년도 국가공무원 7급 공개경쟁채용 제1차시험 합격선 및 합격자 통계 (1).pdf,
국가직,공무원,2024,1차-PSAT,공개경쟁,,기술직군,전산,데이터,7급,장애인,1,1,1.0:1,,,,,,,,2024년도 국가공무원 7급 공개경쟁채용 제1차시험 합격선 및 합격자 통계 (1).pdf,응시자 없음
국가직,공무원,2024,1차-PSAT,공개경쟁,,기술직군,방송통신,전송기술,7급,장애인,2,2,1.0:1,,,,,,,,2024년도 국가공무원 7급 공개경쟁채용 제1차시험 합격선 및 합격자 통계 (1).pdf,응시자 없음
국가직,공무원,2024,1차-PSAT,공개경쟁,,행정직군,외무영사,외무영사,7급,장애인,2,19,9.5:1,13,68.4,6.5:1,11,53.33,과목평균,,2024년도 국가공무원 7급 공개경쟁채용 제1차시험 합격선 및 합격자 통계 (1).pdf,
국가직,공무원,2024,2차-전공,공개경쟁,,행정직군,행정,일반행정,7급,일반,172,8502,49.4:1,1009,11.9,5.9:1,208,85.00,과목평균,,(붙임) 2024년도 국가직 7급 공채 제2차시험 합격선 및 합격자 통계 (1).pdf,지방인재83.00
국가직,공무원,2024,2차-전공,공개경쟁,,행정직군,행정,우정사업본부,7급,일반,15,505,33.7:1,107,21.2,7.1:1,17,88.00,과목평균,,(붙임) 2024년도 국가직 7급 공채 제2차시험 합격선 및 합격자 통계 (1).pdf,지방인재86.00
국가직,공무원,2024,2차-전공,공개경쟁,,행정직군,행정,인사조직,7급,일반,3,432,144.0:1,17,3.9,5.7:1,4,90.00,과목평균,,(붙임) 2024년도 국가직 7급 공채 제2차시험 합격선 및 합격자 통계 (1).pdf,
국가직,공무원,2024,2차-전공,공개경쟁,,행정직군,행정,재경,7급,일반,5,152,30.4:1,27,17.8,5.4:1,6,83.00,과목평균,,(붙임) 2024년도 국가직 7급 공채 제2차시험 합격선 및 합격자 통계 (1).pdf,
국가직,공무원,2024,2차-전공,공개경쟁,,행정직군,행정,고용노동,7급,일반,12,478,39.8:1,78,16.3,6.5:1,17,87.00,과목평균,,(붙임) 2024년도 국가직 7급 공채 제2차시험 합격선 및 합격자 통계 (1).pdf,
국가직,공무원,2024,2차-전공,공개경쟁,,행정직군,행정,교육행정,7급,일반,5,469,93.8:1,33,7.0,6.6:1,6,85.00,과목평균,,(붙임) 2024년도 국가직 7급 공채 제2차시험 합격선 및 합격자 통계 (1).pdf,
국가직,공무원,2024,2차-전공,공개경쟁,,행정직군,행정,회계,7급,일반,1,58,58.0:1,7,12.1,7.0:1,2,56.00,과목평균,,(붙임) 2024년도 국가직 7급 공채 제2차시험 합격선 및 합격자 통계 (1).pdf,
국가직,공무원,2024,2차-전공,공개경쟁,,행정직군,행정,선거행정,7급,일반,16,830,51.9:1,102,12.3,6.4:1,19,87.00,과목평균,,(붙임) 2024년도 국가직 7급 공채 제2차시험 합격선 및 합격자 통계 (1).pdf,지방인재85.00
국가직,공무원,2024,2차-전공,공개경쟁,,행정직군,세무,세무,7급,일반,77,3385,44.0:1,534,15.8,6.9:1,94,82.00,과목평균,81.00,(붙임) 2024년도 국가직 7급 공채 제2차시험 합격선 및 합격자 통계 (1).pdf,
국가직,공무원,2024,2차-전공,공개경쟁,,행정직군,관세,관세,7급,일반,15,492,32.8:1,103,20.9,6.9:1,20,81.00,과목평균,,(붙임) 2024년도 국가직 7급 공채 제2차시험 합격선 및 합격자 통계 (1).pdf,지방인재80.00
국가직,공무원,2024,2차-전공,공개경쟁,,행정직군,통계,통계,7급,일반,6,298,49.7:1,44,14.8,7.3:1,7,91.00,과목평균,,(붙임) 2024년도 국가직 7급 공채 제2차시험 합격선 및 합격자 통계 (1).pdf,
국가직,공무원,2024,2차-전공,공개경쟁,,행정직군,감사,감사,7급,일반,27,834,30.9:1,181,21.7,6.7:1,35,85.00,과목평균,83.00,(붙임) 2024년도 국가직 7급 공채 제2차시험 합격선 및 합격자 통계 (1).pdf,
국가직,공무원,2024,2차-전공,공개경쟁,,행정직군,교정,교정,7급,일반,34,1337,39.3:1,241,18.0,7.1:1,42,86.00,과목평균,,(붙임) 2024년도 국가직 7급 공채 제2차시험 합격선 및 합격자 통계 (1).pdf,지방인재85.00
국가직,공무원,2024,2차-전공,공개경쟁,,행정직군,보호,보호,7급,일반,4,192,48.0:1,26,13.5,6.5:1,5,87.00,과목평균,,(붙임) 2024년도 국가직 7급 공채 제2차시험 합격선 및 합격자 통계 (1).pdf,
국가직,공무원,2024,2차-전공,공개경쟁,,행정직군,검찰,검찰,7급,일반,11,1411,128.3:1,66,4.7,6.0:1,14,90.00,과목평균,,(붙임) 2024년도 국가직 7급 공채 제2차시험 합격선 및 합격자 통계 (1).pdf,
국가직,공무원,2024,2차-전공,공개경쟁,,행정직군,출입국관리,출입국관리,7급,일반,6,353,58.8:1,41,11.6,6.8:1,7,88.00,과목평균,,(붙임) 2024년도 국가직 7급 공채 제2차시험 합격선 및 합격자 통계 (1).pdf,
국가직,공무원,2024,2차-전공,공개경쟁,,기술직군,공업,일반기계,7급,일반,17,451,26.5:1,116,25.7,6.8:1,23,79.00,과목평균,76.00,(붙임) 2024년도 국가직 7급 공채 제2차시험 합격선 및 합격자 통계 (1).pdf,
국가직,공무원,2024,2차-전공,공개경쟁,,기술직군,공업,전기,7급,일반,15,514,34.3:1,86,16.7,5.7:1,19,70.00,과목평균,67.00,(붙임) 2024년도 국가직 7급 공채 제2차시험 합격선 및 합격자 통계 (1).pdf,
국가직,공무원,2024,2차-전공,공개경쟁,,기술직군,공업,화공,7급,일반,9,355,39.4:1,63,17.7,7.0:1,11,86.00,과목평균,85.00,(붙임) 2024년도 국가직 7급 공채 제2차시험 합격선 및 합격자 통계 (1).pdf,
국가직,공무원,2024,2차-전공,공개경쟁,,기술직군,농업,일반농업,7급,일반,6,322,53.7:1,43,13.4,7.2:1,7,92.00,과목평균,,(붙임) 2024년도 국가직 7급 공채 제2차시험 합격선 및 합격자 통계 (1).pdf,
국가직,공무원,2024,2차-전공,공개경쟁,,기술직군,임업,산림자원,7급,일반,7,262,37.4:1,53,20.2,7.6:1,9,86.00,과목평균,,(붙임) 2024년도 국가직 7급 공채 제2차시험 합격선 및 합격자 통계 (1).pdf,
국가직,공무원,2024,2차-전공,공개경쟁,,기술직군,시설,일반토목,7급,일반,28,530,18.9:1,142,26.8,5.1:1,35,57.00,과목평균,,(붙임) 2024년도 국가직 7급 공채 제2차시험 합격선 및 합격자 통계 (1).pdf,
국가직,공무원,2024,2차-전공,공개경쟁,,기술직군,시설,건축,7급,일반,15,382,25.5:1,101,26.4,6.7:1,19,72.00,과목평균,,(붙임) 2024년도 국가직 7급 공채 제2차시험 합격선 및 합격자 통계 (1).pdf,
국가직,공무원,2024,2차-전공,공개경쟁,,기술직군,방재안전,방재안전,7급,일반,7,142,20.3:1,47,33.1,6.7:1,8,83.00,과목평균,,(붙임) 2024년도 국가직 7급 공채 제2차시험 합격선 및 합격자 통계 (1).pdf,
국가직,공무원,2024,2차-전공,공개경쟁,,기술직군,전산,전산개발,7급,일반,35,915,26.1:1,241,26.3,6.9:1,47,90.00,과목평균,,(붙임) 2024년도 국가직 7급 공채 제2차시험 합격선 및 합격자 통계 (1).pdf,지방인재89.00
국가직,공무원,2024,2차-전공,공개경쟁,,기술직군,전산,데이터,7급,일반,15,383,25.5:1,104,27.2,6.9:1,19,83.00,과목평균,81.00,(붙임) 2024년도 국가직 7급 공채 제2차시험 합격선 및 합격자 통계 (1).pdf,
국가직,공무원,2024,2차-전공,공개경쟁,,기술직군,방송통신,전송기술,7급,일반,19,258,13.6:1,113,43.8,5.9:1,24,56.00,과목평균,,(붙임) 2024년도 국가직 7급 공채 제2차시험 합격선 및 합격자 통계 (1).pdf,지방인재55.00
국가직,공무원,2024,2차-전공,공개경쟁,,행정직군,외무영사,외무영사,7급,일반,23,1891,82.2:1,146,7.7,6.3:1,30,90.66,과목평균,,(붙임) 2024년도 국가직 7급 공채 제2차시험 합격선 및 합격자 통계 (1).pdf,지방인재89.33
국가직,공무원,2024,2차-전공,공개경쟁,,행정직군,행정,일반행정,7급,장애인,18,130,7.2:1,57,43.8,3.2:1,22,58.00,과목평균,,(붙임) 2024년도 국가직 7급 공채 제2차시험 합격선 및 합격자 통계 (1).pdf,지방인재56.00
국가직,공무원,2024,2차-전공,공개경쟁,,행정직군,행정,우정사업본부,7급,장애인,1,7,7.0:1,1,14.3,1.0:1,,,,,(붙임) 2024년도 국가직 7급 공채 제2차시험 합격선 및 합격자 통계 (1).pdf,전원 과락
국가직,공무원,2024,2차-전공,공개경쟁,,행정직군,행정,재경,7급,장애인,1,3,3.0:1,3,100.0,3.0:1,2,57.00,과목평균,,(붙임) 2024년도 국가직 7급 공채 제2차시험 합격선 및 합격자 통계 (1).pdf,
국가직,공무원,2024,2차-전공,공개경쟁,,행정직군,행정,고용노동,7급,장애인,1,10,10.0:1,4,40.0,4.0:1,2,56.00,과목평균,,(붙임) 2024년도 국가직 7급 공채 제2차시험 합격선 및 합격자 통계 (1).pdf,
국가직,공무원,2024,2차-전공,공개경쟁,,행정직군,행정,선거행정,7급,장애인,1,17,17.0:1,3,17.6,3.0:1,2,58.00,과목평균,,(붙임) 2024년도 국가직 7급 공채 제2차시험 합격선 및 합격자 통계 (1).pdf,
국가직,공무원,2024,2차-전공,공개경쟁,,행정직군,세무,세무,7급,장애인,8,50,6.2:1,32,64.0,4.0:1,7,56.00,과목평균,,(붙임) 2024년도 국가직 7급 공채 제2차시험 합격선 및 합격자 통계 (1).pdf,
국가직,공무원,2024,2차-전공,공개경쟁,,행정직군,관세,관세,7급,장애인,1,7,7.0:1,2,28.6,2.0:1,1,66.00,과목평균,,(붙임) 2024년도 국가직 7급 공채 제2차시험 합격선 및 합격자 통계 (1).pdf,
국가직,공무원,2024,2차-전공,공개경쟁,,행정직군,감사,감사,7급,장애인,3,55,18.3:1,17,30.9,5.7:1,4,64.00,과목평균,,(붙임) 2024년도 국가직 7급 공채 제2차시험 합격선 및 합격자 통계 (1).pdf,
국가직,공무원,2024,2차-전공,공개경쟁,,기술직군,공업,일반기계,7급,장애인,1,2,2.0:1,1,50.0,1.0:1,1,57.00,과목평균,,(붙임) 2024년도 국가직 7급 공채 제2차시험 합격선 및 합격자 통계 (1).pdf,
국가직,공무원,2024,2차-전공,공개경쟁,,기술직군,공업,전기,7급,장애인,1,2,2.0:1,1,50.0,1.0:1,1,52.00,과목평균,,(붙임) 2024년도 국가직 7급 공채 제2차시험 합격선 및 합격자 통계 (1).pdf,
국가직,공무원,2024,2차-전공,공개경쟁,,기술직군,공업,화공,7급,장애인,1,1,1.0:1,1,100.0,1.0:1,,,,,(붙임) 2024년도 국가직 7급 공채 제2차시험 합격선 및 합격자 통계 (1).pdf,전원 과락
국가직,공무원,2024,2차-전공,공개경쟁,,기술직군,시설,일반토목,7급,장애인,2,1,0.5:1,0,0.0,0.0:1,,,,,(붙임) 2024년도 국가직 7급 공채 제2차시험 합격선 및 합격자 통계 (1).pdf,응시자 없음
국가직,공무원,2024,2차-전공,공개경쟁,,기술직군,시설,건축,7급,장애인,1,7,7.0:1,1,14.3,1.0:1,,,,,(붙임) 2024년도 국가직 7급 공채 제2차시험 합격선 및 합격자 통계 (1).pdf,전원 과락
국가직,공무원,2024,2차-전공,공개경쟁,,기술직군,방재안전,방재안전,7급,장애인,1,0,0.0:1,0,,0.0:1,,,,,(붙임) 2024년도 국가직 7급 공채 제2차시험 합격선 및 합격자 통계 (1).pdf,출원자 없음
국가직,공무원,2024,2차-전공,공개경쟁,,기술직군,전산,전산개발,7급,장애인,3,7,2.3:1,0,0.0,0.0:1,,,,,(붙임) 2024년도 국가직 7급 공채 제2차시험 합격선 및 합격자 통계 (1).pdf,응시자 없음
국가직,공무원,2024,2차-전공,공개경쟁,,기술직군,전산,데이터,7급,장애인,1,1,1.0:1,0,0.0,0.0:1,,,,,(붙임) 2024년도 국가직 7급 공채 제2차시험 합격선 및 합격자 통계 (1).pdf,응시자 없음
국가직,공무원,2024,2차-전공,공개경쟁,,기술직군,방송통신,전송기술,7급,장애인,2,2,1.0:1,0,0.0,0.0:1,,,,,(붙임) 2024년도 국가직 7급 공채 제2차시험 합격선 및 합격자 통계 (1).pdf,응시자 없음
국가직,공무원,2024,2차-전공,공개경쟁,,행정직군,외무영사,외무영사,7급,장애인,2,19,9.5:1,10,52.6,5.0:1,4,80.00,과목평균,,(붙임) 2024년도 국가직 7급 공채 제2차시험 합격선 및 합격자 통계 (1).pdf,
국가직,공무원,2025,1차-PSAT,공개경쟁,,기술직군,공업,일반기계,7급,일반,17,499,29.4:1,274,54.9,16.1:1,128,86.66,과목평균,84.00,2025년도 국가직 7급 공개경쟁채용 제1차시험 합격선 및 합격자 통계(수정) (1).pdf,지방인재85.33
국가직,공무원,2025,1차-PSAT,공개경쟁,,기술직군,공업,전기,7급,일반,6,470,78.3:1,237,50.4,39.5:1,45,92.00,과목평균,89.33,2025년도 국가직 7급 공개경쟁채용 제1차시험 합격선 및 합격자 통계(수정) (1).pdf,
국가직,공무원,2025,1차-PSAT,공개경쟁,,기술직군,공업,화공,7급,일반,6,318,53.0:1,198,62.3,33.0:1,46,93.33,과목평균,92.00,2025년도 국가직 7급 공개경쟁채용 제1차시험 합격선 및 합격자 통계(수정) (1).pdf,
국가직,공무원,2025,1차-PSAT,공개경쟁,,기술직군,농업,일반농업,7급,일반,7,305,43.6:1,162,53.1,23.1:1,56,85.33,과목평균,,2025년도 국가직 7급 공개경쟁채용 제1차시험 합격선 및 합격자 통계(수정) (1).pdf,
국가직,공무원,2025,1차-PSAT,공개경쟁,,기술직군,임업,산림자원,7급,일반,7,263,37.6:1,152,57.8,21.7:1,53,85.33,과목평균,,2025년도 국가직 7급 공개경쟁채용 제1차시험 합격선 및 합격자 통계(수정) (1).pdf,
국가직,공무원,2025,1차-PSAT,공개경쟁,,기술직군,환경,일반환경,7급,일반,12,341,28.4:1,178,52.2,14.8:1,92,82.66,과목평균,,2025년도 국가직 7급 공개경쟁채용 제1차시험 합격선 및 합격자 통계(수정) (1).pdf,
국가직,공무원,2025,1차-PSAT,공개경쟁,,기술직군,시설,일반토목,7급,일반,26,539,20.7:1,307,57.0,11.8:1,198,76.00,과목평균,73.33,2025년도 국가직 7급 공개경쟁채용 제1차시험 합격선 및 합격자 통계(수정) (1).pdf,
국가직,공무원,2025,1차-PSAT,공개경쟁,,기술직군,시설,건축,7급,일반,15,399,26.6:1,191,47.9,12.7:1,113,77.33,과목평균,,2025년도 국가직 7급 공개경쟁채용 제1차시험 합격선 및 합격자 통계(수정) (1).pdf,
국가직,공무원,2025,1차-PSAT,공개경쟁,,기술직군,방재안전,방재안전,7급,일반,5,137,27.4:1,71,51.8,14.2:1,38,72.00,과목평균,,2025년도 국가직 7급 공개경쟁채용 제1차시험 합격선 및 합격자 통계(수정) (1).pdf,
국가직,공무원,2025,1차-PSAT,공개경쟁,,기술직군,전산,전산개발,7급,일반,30,1159,38.6:1,629,54.3,21.0:1,234,85.33,과목평균,,2025년도 국가직 7급 공개경쟁채용 제1차시험 합격선 및 합격자 통계(수정) (1).pdf,
국가직,공무원,2025,1차-PSAT,공개경쟁,,기술직군,전산,데이터,7급,일반,8,453,56.6:1,266,58.7,33.2:1,54,89.33,과목평균,,2025년도 국가직 7급 공개경쟁채용 제1차시험 합격선 및 합격자 통계(수정) (1).pdf,
국가직,공무원,2025,1차-PSAT,공개경쟁,,기술직군,방송통신,전송기술,7급,일반,16,329,20.6:1,188,57.1,11.8:1,118,78.66,과목평균,76.00,2025년도 국가직 7급 공개경쟁채용 제1차시험 합격선 및 합격자 통계(수정) (1).pdf,
국가직,공무원,2025,1차-PSAT,공개경쟁,,행정직군,행정,일반행정,7급,일반,153,7725,50.5:1,4780,61.9,31.2:1,1230,92.00,과목평균,,2025년도 국가직 7급 공개경쟁채용 제1차시험 합격선 및 합격자 통계(수정) (1).pdf,지방인재89.33
국가직,공무원,2025,1차-PSAT,공개경쟁,,행정직군,행정,우정사업본부,7급,일반,15,474,31.6:1,257,54.2,17.1:1,114,84.00,과목평균,,2025년도 국가직 7급 공개경쟁채용 제1차시험 합격선 및 합격자 통계(수정) (1).pdf,지방인재82.66
국가직,공무원,2025,1차-PSAT,공개경쟁,,행정직군,행정,인사조직,7급,일반,2,261,130.5:1,126,48.3,63.0:1,15,92.00,과목평균,,2025년도 국가직 7급 공개경쟁채용 제1차시험 합격선 및 합격자 통계(수정) (1).pdf,
국가직,공무원,2025,1차-PSAT,공개경쟁,,행정직군,행정,법무행정,7급,일반,10,628,62.8:1,321,51.1,32.1:1,71,89.33,과목평균,,2025년도 국가직 7급 공개경쟁채용 제1차시험 합격선 및 합격자 통계(수정) (1).pdf,지방인재86.66
국가직,공무원,2025,1차-PSAT,공개경쟁,,행정직군,행정,재경,7급,일반,3,159,53.0:1,88,55.3,29.3:1,22,90.66,과목평균,,2025년도 국가직 7급 공개경쟁채용 제1차시험 합격선 및 합격자 통계(수정) (1).pdf,
국가직,공무원,2025,1차-PSAT,공개경쟁,,행정직군,행정,고용노동,7급,일반,11,424,38.5:1,251,59.2,22.8:1,81,86.66,과목평균,,2025년도 국가직 7급 공개경쟁채용 제1차시험 합격선 및 합격자 통계(수정) (1).pdf,지방인재85.33
국가직,공무원,2025,1차-PSAT,공개경쟁,,행정직군,행정,교육행정,7급,일반,6,601,100.2:1,298,49.6,49.7:1,51,90.66,과목평균,,2025년도 국가직 7급 공개경쟁채용 제1차시험 합격선 및 합격자 통계(수정) (1).pdf,
국가직,공무원,2025,1차-PSAT,공개경쟁,,행정직군,행정,선거행정,7급,일반,16,723,45.2:1,413,57.1,25.8:1,122,86.66,과목평균,,2025년도 국가직 7급 공개경쟁채용 제1차시험 합격선 및 합격자 통계(수정) (1).pdf,지방인재85.33
국가직,공무원,2025,1차-PSAT,공개경쟁,,행정직군,세무,세무,7급,일반,52,3335,64.1:1,2001,60.0,38.5:1,421,89.33,과목평균,,2025년도 국가직 7급 공개경쟁채용 제1차시험 합격선 및 합격자 통계(수정) (1).pdf,지방인재88.00
국가직,공무원,2025,1차-PSAT,공개경쟁,,행정직군,관세,관세,7급,일반,15,594,39.6:1,388,65.3,25.9:1,112,82.66,과목평균,,2025년도 국가직 7급 공개경쟁채용 제1차시험 합격선 및 합격자 통계(수정) (1).pdf,
국가직,공무원,2025,1차-PSAT,공개경쟁,,행정직군,통계,통계,7급,일반,7,274,39.1:1,167,60.9,23.9:1,55,92.00,과목평균,90.66,2025년도 국가직 7급 공개경쟁채용 제1차시험 합격선 및 합격자 통계(수정) (1).pdf,
국가직,공무원,2025,1차-PSAT,공개경쟁,,행정직군,감사,감사,7급,일반,18,845,46.9:1,582,68.9,32.3:1,138,89.00,과목평균,,2025년도 국가직 7급 공개경쟁채용 제1차시험 합격선 및 합격자 통계(수정) (1).pdf,지방인재88.00
국가직,공무원,2025,1차-PSAT,공개경쟁,,행정직군,교정,교정,7급,일반,40,1232,30.8:1,742,60.2,18.6:1,286,80.00,과목평균,,2025년도 국가직 7급 공개경쟁채용 제1차시험 합격선 및 합격자 통계(수정) (1).pdf,
국가직,공무원,2025,1차-PSAT,공개경쟁,,행정직군,보호,보호,7급,일반,4,156,39.0:1,89,57.1,22.2:1,28,85.33,과목평균,,2025년도 국가직 7급 공개경쟁채용 제1차시험 합격선 및 합격자 통계(수정) (1).pdf,
국가직,공무원,2025,1차-PSAT,공개경쟁,,행정직군,검찰,검찰,7급,일반,11,1235,112.3:1,669,54.2,60.8:1,98,90.66,과목평균,,2025년도 국가직 7급 공개경쟁채용 제1차시험 합격선 및 합격자 통계(수정) (1).pdf,
국가직,공무원,2025,1차-PSAT,공개경쟁,,행정직군,출입국관리,출입국관리,7급,일반,6,437,72.8:1,260,59.5,43.3:1,46,89.33,과목평균,,2025년도 국가직 7급 공개경쟁채용 제1차시험 합격선 및 합격자 통계(수정) (1).pdf,
국가직,공무원,2025,1차-PSAT,공개경쟁,,행정직군,외무영사,외무영사,7급,일반,27,1779,65.9:1,1352,76.0,50.1:1,170,93.33,과목평균,,2025년도 국가직 7급 공개경쟁채용 제1차시험 합격선 및 합격자 통계(수정) (1).pdf,지방인재90.66
국가직,공무원,2025,1차-PSAT,공개경쟁,,기술직군,공업,일반기계,7급,장애인,1,,,,,,,,,,2025년도 국가직 7급 공개경쟁채용 제1차시험 합격선 및 합격자 통계(수정) (1).pdf,출원자 없음
국가직,공무원,2025,1차-PSAT,공개경쟁,,기술직군,농업,일반농업,7급,장애인,1,7,7.0:1,1,14.3,1.0:1,,,,,2025년도 국가직 7급 공개경쟁채용 제1차시험 합격선 및 합격자 통계(수정) (1).pdf,전원 과락
국가직,공무원,2025,1차-PSAT,공개경쟁,,기술직군,환경,일반환경,7급,장애인,1,1,1.0:1,0,0.0,0.0:1,,,,,2025년도 국가직 7급 공개경쟁채용 제1차시험 합격선 및 합격자 통계(수정) (1).pdf,응시자 없음
국가직,공무원,2025,1차-PSAT,공개경쟁,,기술직군,시설,일반토목,7급,장애인,2,1,0.5:1,0,0.0,0.0:1,,,,,2025년도 국가직 7급 공개경쟁채용 제1차시험 합격선 및 합격자 통계(수정) (1).pdf,응시자 없음
국가직,공무원,2025,1차-PSAT,공개경쟁,,기술직군,시설,건축,7급,장애인,1,5,5.0:1,2,40.0,2.0:1,2,66.66,과목평균,,2025년도 국가직 7급 공개경쟁채용 제1차시험 합격선 및 합격자 통계(수정) (1).pdf,
국가직,공무원,2025,1차-PSAT,공개경쟁,,기술직군,전산,전산개발,7급,장애인,3,13,4.3:1,6,46.2,2.0:1,6,54.66,과목평균,,2025년도 국가직 7급 공개경쟁채용 제1차시험 합격선 및 합격자 통계(수정) (1).pdf,
국가직,공무원,2025,1차-PSAT,공개경쟁,,기술직군,전산,데이터,7급,장애인,1,5,5.0:1,1,20.0,1.0:1,1,73.33,과목평균,,2025년도 국가직 7급 공개경쟁채용 제1차시험 합격선 및 합격자 통계(수정) (1).pdf,
국가직,공무원,2025,1차-PSAT,공개경쟁,,기술직군,방송통신,전송기술,7급,장애인,1,3,3.0:1,0,0.0,0.0:1,,,,,2025년도 국가직 7급 공개경쟁채용 제1차시험 합격선 및 합격자 통계(수정) (1).pdf,응시자 없음
국가직,공무원,2025,1차-PSAT,공개경쟁,,행정직군,행정,일반행정,7급,장애인,16,129,8.1:1,66,51.2,4.1:1,57,53.33,과목평균,,2025년도 국가직 7급 공개경쟁채용 제1차시험 합격선 및 합격자 통계(수정) (1).pdf,
국가직,공무원,2025,1차-PSAT,공개경쟁,,행정직군,행정,우정사업본부,7급,장애인,1,8,8.0:1,7,87.5,7.0:1,4,44.00,과목평균,,2025년도 국가직 7급 공개경쟁채용 제1차시험 합격선 및 합격자 통계(수정) (1).pdf,
국가직,공무원,2025,1차-PSAT,공개경쟁,,행정직군,행정,법무행정,7급,장애인,1,12,12.0:1,6,50.0,6.0:1,2,49.33,과목평균,,2025년도 국가직 7급 공개경쟁채용 제1차시험 합격선 및 합격자 통계(수정) (1).pdf,
국가직,공무원,2025,1차-PSAT,공개경쟁,,행정직군,행정,고용노동,7급,장애인,1,6,6.0:1,4,66.7,4.0:1,4,60.00,과목평균,,2025년도 국가직 7급 공개경쟁채용 제1차시험 합격선 및 합격자 통계(수정) (1).pdf,
국가직,공무원,2025,1차-PSAT,공개경쟁,,행정직군,행정,선거행정,7급,장애인,1,18,18.0:1,6,33.3,6.0:1,6,50.66,과목평균,,2025년도 국가직 7급 공개경쟁채용 제1차시험 합격선 및 합격자 통계(수정) (1).pdf,
국가직,공무원,2025,1차-PSAT,공개경쟁,,행정직군,세무,세무,7급,장애인,6,58,9.7:1,39,67.2,6.5:1,33,52.00,과목평균,,2025년도 국가직 7급 공개경쟁채용 제1차시험 합격선 및 합격자 통계(수정) (1).pdf,
국가직,공무원,2025,1차-PSAT,공개경쟁,,행정직군,관세,관세,7급,장애인,1,15,15.0:1,8,53.3,8.0:1,6,46.66,과목평균,,2025년도 국가직 7급 공개경쟁채용 제1차시험 합격선 및 합격자 통계(수정) (1).pdf,
국가직,공무원,2025,1차-PSAT,공개경쟁,,행정직군,통계,통계,7급,장애인,1,6,6.0:1,4,66.7,4.0:1,4,56.00,과목평균,,2025년도 국가직 7급 공개경쟁채용 제1차시험 합격선 및 합격자 통계(수정) (1).pdf,
국가직,공무원,2025,1차-PSAT,공개경쟁,,행정직군,감사,감사,7급,장애인,2,39,19.5:1,16,41.0,8.0:1,14,53.33,과목평균,,2025년도 국가직 7급 공개경쟁채용 제1차시험 합격선 및 합격자 통계(수정) (1).pdf,
국가직,공무원,2025,1차-PSAT,공개경쟁,,행정직군,외무영사,외무영사,7급,장애인,3,18,6.0:1,11,61.1,3.7:1,9,60.00,과목평균,,2025년도 국가직 7급 공개경쟁채용 제1차시험 합격선 및 합격자 통계(수정) (1).pdf,
국가직,공무원,2025,2차-전공,공개경쟁,,기술직군,공업,일반기계,7급,일반,17,499,29.4:1,113,22.6,6.6:1,22,81.00,과목평균,80.00,2025년도 국가직 7급 공개경쟁채용 제2차시험 합격선 및 합격자 통계 (1).pdf,
국가직,공무원,2025,2차-전공,공개경쟁,,기술직군,공업,전기,7급,일반,6,470,78.3:1,41,8.7,6.8:1,8,75.00,과목평균,,2025년도 국가직 7급 공개경쟁채용 제2차시험 합격선 및 합격자 통계 (1).pdf,
국가직,공무원,2025,2차-전공,공개경쟁,,기술직군,공업,화공,7급,일반,6,318,53.0:1,39,12.3,6.5:1,7,81.00,과목평균,,2025년도 국가직 7급 공개경쟁채용 제2차시험 합격선 및 합격자 통계 (1).pdf,
국가직,공무원,2025,2차-전공,공개경쟁,,기술직군,농업,일반농업,7급,일반,7,305,43.6:1,46,15.1,6.6:1,9,94.00,과목평균,,2025년도 국가직 7급 공개경쟁채용 제2차시험 합격선 및 합격자 통계 (1).pdf,
국가직,공무원,2025,2차-전공,공개경쟁,,기술직군,임업,산림자원,7급,일반,7,263,37.6:1,51,19.4,7.3:1,8,82.00,과목평균,,2025년도 국가직 7급 공개경쟁채용 제2차시험 합격선 및 합격자 통계 (1).pdf,
국가직,공무원,2025,2차-전공,공개경쟁,,기술직군,환경,일반환경,7급,일반,12,341,28.4:1,77,22.6,6.4:1,15,81.00,과목평균,79.00,2025년도 국가직 7급 공개경쟁채용 제2차시험 합격선 및 합격자 통계 (1).pdf,지방인재80.00
국가직,공무원,2025,2차-전공,공개경쟁,,기술직군,시설,일반토목,7급,일반,26,539,20.7:1,167,31.0,6.4:1,33,84.00,과목평균,81.00,2025년도 국가직 7급 공개경쟁채용 제2차시험 합격선 및 합격자 통계 (1).pdf,
국가직,공무원,2025,2차-전공,공개경쟁,,기술직군,시설,건축,7급,일반,15,399,26.6:1,97,24.3,6.5:1,18,68.00,과목평균,,2025년도 국가직 7급 공개경쟁채용 제2차시험 합격선 및 합격자 통계 (1).pdf,
국가직,공무원,2025,2차-전공,공개경쟁,,기술직군,방재안전,방재안전,7급,일반,5,137,27.4:1,31,22.6,6.2:1,6,80.00,과목평균,,2025년도 국가직 7급 공개경쟁채용 제2차시험 합격선 및 합격자 통계 (1).pdf,
국가직,공무원,2025,2차-전공,공개경쟁,,기술직군,전산,전산개발,7급,일반,30,1159,38.6:1,219,18.9,7.3:1,34,86.00,과목평균,,2025년도 국가직 7급 공개경쟁채용 제2차시험 합격선 및 합격자 통계 (1).pdf,
국가직,공무원,2025,2차-전공,공개경쟁,,기술직군,전산,데이터,7급,일반,8,453,56.6:1,50,11.0,6.2:1,10,83.00,과목평균,,2025년도 국가직 7급 공개경쟁채용 제2차시험 합격선 및 합격자 통계 (1).pdf,
국가직,공무원,2025,2차-전공,공개경쟁,,기술직군,방송통신,전송기술,7급,일반,16,329,20.6:1,99,30.1,6.2:1,19,76.00,과목평균,73.00,2025년도 국가직 7급 공개경쟁채용 제2차시험 합격선 및 합격자 통계 (1).pdf,지방인재74.00
국가직,공무원,2025,2차-전공,공개경쟁,,행정직군,행정,일반행정,7급,일반,153,7725,50.5:1,1068,13.8,7.0:1,181,82.00,과목평균,,2025년도 국가직 7급 공개경쟁채용 제2차시험 합격선 및 합격자 통계 (1).pdf,지방인재81.00
국가직,공무원,2025,2차-전공,공개경쟁,,행정직군,행정,우정사업본부,7급,일반,15,474,31.6:1,94,19.8,6.3:1,18,82.00,과목평균,,2025년도 국가직 7급 공개경쟁채용 제2차시험 합격선 및 합격자 통계 (1).pdf,지방인재80.00
국가직,공무원,2025,2차-전공,공개경쟁,,행정직군,행정,인사조직,7급,일반,2,261,130.5:1,13,5.0,6.5:1,3,89.00,과목평균,,2025년도 국가직 7급 공개경쟁채용 제2차시험 합격선 및 합격자 통계 (1).pdf,
국가직,공무원,2025,2차-전공,공개경쟁,,행정직군,행정,법무행정,7급,일반,10,628,62.8:1,54,8.6,5.4:1,12,82.00,과목평균,,2025년도 국가직 7급 공개경쟁채용 제2차시험 합격선 및 합격자 통계 (1).pdf,
국가직,공무원,2025,2차-전공,공개경쟁,,행정직군,행정,재경,7급,일반,3,159,53.0:1,17,10.7,5.7:1,4,68.00,과목평균,,2025년도 국가직 7급 공개경쟁채용 제2차시험 합격선 및 합격자 통계 (1).pdf,
국가직,공무원,2025,2차-전공,공개경쟁,,행정직군,행정,고용노동,7급,일반,11,424,38.5:1,79,18.6,7.2:1,14,85.00,과목평균,,2025년도 국가직 7급 공개경쟁채용 제2차시험 합격선 및 합격자 통계 (1).pdf,지방인재84.00
국가직,공무원,2025,2차-전공,공개경쟁,,행정직군,행정,교육행정,7급,일반,6,601,100.2:1,43,7.2,7.2:1,6,85.00,과목평균,,2025년도 국가직 7급 공개경쟁채용 제2차시험 합격선 및 합격자 통계 (1).pdf,
국가직,공무원,2025,2차-전공,공개경쟁,,행정직군,행정,선거행정,7급,일반,16,723,45.2:1,111,15.4,6.9:1,18,87.00,과목평균,,2025년도 국가직 7급 공개경쟁채용 제2차시험 합격선 및 합격자 통계 (1).pdf,
국가직,공무원,2025,2차-전공,공개경쟁,,행정직군,세무,세무,7급,일반,52,3335,64.1:1,386,11.6,7.4:1,62,80.00,과목평균,79.00,2025년도 국가직 7급 공개경쟁채용 제2차시험 합격선 및 합격자 통계 (1).pdf,
국가직,공무원,2025,2차-전공,공개경쟁,,행정직군,관세,관세,7급,일반,15,594,39.6:1,106,17.8,7.1:1,16,85.00,과목평균,,2025년도 국가직 7급 공개경쟁채용 제2차시험 합격선 및 합격자 통계 (1).pdf,지방인재84.00
국가직,공무원,2025,2차-전공,공개경쟁,,행정직군,통계,통계,7급,일반,7,274,39.1:1,48,17.5,6.9:1,8,87.00,과목평균,,2025년도 국가직 7급 공개경쟁채용 제2차시험 합격선 및 합격자 통계 (1).pdf,
국가직,공무원,2025,2차-전공,공개경쟁,,행정직군,감사,감사,7급,일반,18,845,46.9:1,128,15.1,7.1:1,24,85.00,과목평균,,2025년도 국가직 7급 공개경쟁채용 제2차시험 합격선 및 합격자 통계 (1).pdf,
국가직,공무원,2025,2차-전공,공개경쟁,,행정직군,교정,교정,7급,일반,40,1232,30.8:1,255,20.7,6.4:1,51,86.00,과목평균,,2025년도 국가직 7급 공개경쟁채용 제2차시험 합격선 및 합격자 통계 (1).pdf,
국가직,공무원,2025,2차-전공,공개경쟁,,행정직군,보호,보호,7급,일반,4,156,39.0:1,22,14.1,5.5:1,5,77.00,과목평균,,2025년도 국가직 7급 공개경쟁채용 제2차시험 합격선 및 합격자 통계 (1).pdf,
국가직,공무원,2025,2차-전공,공개경쟁,,행정직군,검찰,검찰,7급,일반,11,1235,112.3:1,94,7.6,8.5:1,16,93.00,과목평균,,2025년도 국가직 7급 공개경쟁채용 제2차시험 합격선 및 합격자 통계 (1).pdf,
국가직,공무원,2025,2차-전공,공개경쟁,,행정직군,출입국관리,출입국관리,7급,일반,6,437,72.8:1,42,9.6,7.0:1,8,86.00,과목평균,,2025년도 국가직 7급 공개경쟁채용 제2차시험 합격선 및 합격자 통계 (1).pdf,
국가직,공무원,2025,2차-전공,공개경쟁,,행정직군,외무영사,외무영사,7급,일반,27,1779,65.9:1,162,9.1,6.0:1,35,84.00,과목평균,,2025년도 국가직 7급 공개경쟁채용 제2차시험 합격선 및 합격자 통계 (1).pdf,지방인재82.66
국가직,공무원,2025,2차-전공,공개경쟁,,기술직군,공업,일반기계,7급,장애인,1,,,,,,,,,,2025년도 국가직 7급 공개경쟁채용 제2차시험 합격선 및 합격자 통계 (1).pdf,출원자 없음
국가직,공무원,2025,2차-전공,공개경쟁,,기술직군,농업,일반농업,7급,장애인,1,7,7.0:1,,,,,,,,2025년도 국가직 7급 공개경쟁채용 제2차시험 합격선 및 합격자 통계 (1).pdf,응시자 없음
국가직,공무원,2025,2차-전공,공개경쟁,,기술직군,환경,일반환경,7급,장애인,1,1,1.0:1,,,,,,,,2025년도 국가직 7급 공개경쟁채용 제2차시험 합격선 및 합격자 통계 (1).pdf,응시자 없음
국가직,공무원,2025,2차-전공,공개경쟁,,기술직군,시설,일반토목,7급,장애인,2,1,0.5:1,,,,,,,,2025년도 국가직 7급 공개경쟁채용 제2차시험 합격선 및 합격자 통계 (1).pdf,응시자 없음
국가직,공무원,2025,2차-전공,공개경쟁,,기술직군,시설,건축,7급,장애인,1,5,5.0:1,2,40.0,2.0:1,,,,,2025년도 국가직 7급 공개경쟁채용 제2차시험 합격선 및 합격자 통계 (1).pdf,전원 과락
국가직,공무원,2025,2차-전공,공개경쟁,,기술직군,전산,전산개발,7급,장애인,3,13,4.3:1,6,46.2,2.0:1,1,50.00,과목평균,,2025년도 국가직 7급 공개경쟁채용 제2차시험 합격선 및 합격자 통계 (1).pdf,
국가직,공무원,2025,2차-전공,공개경쟁,,기술직군,전산,데이터,7급,장애인,1,5,5.0:1,1,20.0,1.0:1,1,47.00,과목평균,,2025년도 국가직 7급 공개경쟁채용 제2차시험 합격선 및 합격자 통계 (1).pdf,
국가직,공무원,2025,2차-전공,공개경쟁,,기술직군,방송통신,전송기술,7급,장애인,1,3,3.0:1,,,,,,,,2025년도 국가직 7급 공개경쟁채용 제2차시험 합격선 및 합격자 통계 (1).pdf,응시자 없음
국가직,공무원,2025,2차-전공,공개경쟁,,행정직군,행정,일반행정,7급,장애인,16,129,8.1:1,57,44.2,3.6:1,20,54.00,과목평균,,2025년도 국가직 7급 공개경쟁채용 제2차시험 합격선 및 합격자 통계 (1).pdf,
국가직,공무원,2025,2차-전공,공개경쟁,,행정직군,행정,우정사업본부,7급,장애인,1,8,8.0:1,3,37.5,3.0:1,2,49.00,과목평균,,2025년도 국가직 7급 공개경쟁채용 제2차시험 합격선 및 합격자 통계 (1).pdf,
국가직,공무원,2025,2차-전공,공개경쟁,,행정직군,행정,법무행정,7급,장애인,1,12,12.0:1,1,8.3,1.0:1,,,,,2025년도 국가직 7급 공개경쟁채용 제2차시험 합격선 및 합격자 통계 (1).pdf,전원 과락
국가직,공무원,2025,2차-전공,공개경쟁,,행정직군,행정,고용노동,7급,장애인,1,6,6.0:1,4,66.7,4.0:1,,,,,2025년도 국가직 7급 공개경쟁채용 제2차시험 합격선 및 합격자 통계 (1).pdf,전원 과락
국가직,공무원,2025,2차-전공,공개경쟁,,행정직군,행정,선거행정,7급,장애인,1,18,18.0:1,7,38.9,7.0:1,1,76.00,과목평균,,2025년도 국가직 7급 공개경쟁채용 제2차시험 합격선 및 합격자 통계 (1).pdf,
국가직,공무원,2025,2차-전공,공개경쟁,,행정직군,세무,세무,7급,장애인,6,58,9.7:1,32,55.2,5.3:1,8,52.00,과목평균,49.00,2025년도 국가직 7급 공개경쟁채용 제2차시험 합격선 및 합격자 통계 (1).pdf,
국가직,공무원,2025,2차-전공,공개경쟁,,행정직군,관세,관세,7급,장애인,1,15,15.0:1,6,40.0,6.0:1,2,71.00,과목평균,,2025년도 국가직 7급 공개경쟁채용 제2차시험 합격선 및 합격자 통계 (1).pdf,
국가직,공무원,2025,2차-전공,공개경쟁,,행정직군,통계,통계,7급,장애인,1,6,6.0:1,2,33.3,2.0:1,1,77.00,과목평균,,2025년도 국가직 7급 공개경쟁채용 제2차시험 합격선 및 합격자 통계 (1).pdf,
국가직,공무원,2025,2차-전공,공개경쟁,,행정직군,감사,감사,7급,장애인,2,39,19.5:1,15,38.5,7.5:1,3,73.00,과목평균,,2025년도 국가직 7급 공개경쟁채용 제2차시험 합격선 및 합격자 통계 (1).pdf,
국가직,공무원,2025,2차-전공,공개경쟁,,행정직군,외무영사,외무영사,7급,장애인,3,18,6.0:1,11,61.1,3.7:1,4,73.33,과목평균,,2025년도 국가직 7급 공개경쟁채용 제2차시험 합격선 및 합격자 통계 (1).pdf,
