그룹,그룹줄수,지역,시험종류,연도,회차,시험구분,임용기관,직군,직렬,직류,직급,대상,선발,접수,응시,합격선,원본파일명
1,2,경기,공무원,2023,1회,공개경쟁,수원시,,사회복지,사회복지,9급,일반,12,248,197,84,2023년도+제1회+경기도+지방공무원+공개경쟁임용+필기시험+합격선.pdf
1,2,경기,공무원,2023,1회,공개경쟁,수원시,,사회복지,사회복지,9급,일반,4,12,11,53,2023년도+제1회+경기도+지방공무원+공개경쟁임용+필기시험+합격선.pdf
2,2,경기,공무원,2023,1회,공개경쟁,수원시,,사서,사서,9급,일반,2,85,59,78,2023년도+제1회+경기도+지방공무원+공개경쟁임용+필기시험+합격선.pdf
2,2,경기,공무원,2023,1회,공개경쟁,수원시,,사서,사서,9급,일반,1,2,2,72,2023년도+제1회+경기도+지방공무원+공개경쟁임용+필기시험+합격선.pdf
3,2,경기,공무원,2023,1회,공개경쟁,수원시,,농업,축산,9급,일반,2,33,21,84,2023년도+제1회+경기도+지방공무원+공개경쟁임용+필기시험+합격선.pdf
3,2,경기,공무원,2023,1회,공개경쟁,수원시,,농업,축산,9급,일반,3,26,23,86,2023년도+제1회+경기도+지방공무원+공개경쟁임용+필기시험+합격선.pdf
4,2,경기,공무원,2023,1회,공개경쟁,화성시,,농업,축산,9급,일반,2,9,6,77,2023년도+제1회+경기도+지방공무원+공개경쟁임용+필기시험+합격선.pdf
4,2,경기,공무원,2023,1회,공개경쟁,화성시,,농업,축산,9급,일반,5,56,47,88,2023년도+제1회+경기도+지방공무원+공개경쟁임용+필기시험+합격선.pdf
5,2,경기,공무원,2023,1회,공개경쟁,경기도,,행정,일반행정,9급,장애인,2,19,12,57,2023년도+제1회+경기도+지방공무원+공개경쟁임용+필기시험+합격선.pdf
5,2,경기,공무원,2023,1회,공개경쟁,경기도,,행정,일반행정,9급,장애인,1,11,5,65,2023년도+제1회+경기도+지방공무원+공개경쟁임용+필기시험+합격선.pdf
6,2,경기,공무원,2023,1회,공개경쟁,수원시,,행정,일반행정,9급,장애인,14,41,31,46,2023년도+제1회+경기도+지방공무원+공개경쟁임용+필기시험+합격선.pdf
6,2,경기,공무원,2023,1회,공개경쟁,수원시,,행정,일반행정,9급,장애인,4,30,24,70,2023년도+제1회+경기도+지방공무원+공개경쟁임용+필기시험+합격선.pdf
7,2,경기,공무원,2023,1회,공개경쟁,용인시,,행정,일반행정,9급,장애인,3,16,12,58,2023년도+제1회+경기도+지방공무원+공개경쟁임용+필기시험+합격선.pdf
7,2,경기,공무원,2023,1회,공개경쟁,용인시,,행정,일반행정,9급,장애인,2,13,9,54,2023년도+제1회+경기도+지방공무원+공개경쟁임용+필기시험+합격선.pdf
8,2,경기,공무원,2023,1회,공개경쟁,고양시,,행정,일반행정,9급,장애인,15,18,16,63,2023년도+제1회+경기도+지방공무원+공개경쟁임용+필기시험+합격선.pdf
8,2,경기,공무원,2023,1회,공개경쟁,고양시,,행정,일반행정,9급,장애인,3,20,12,49,2023년도+제1회+경기도+지방공무원+공개경쟁임용+필기시험+합격선.pdf
9,2,경기,공무원,2023,1회,공개경쟁,화성시,,행정,일반행정,9급,장애인,1,4,3,85,2023년도+제1회+경기도+지방공무원+공개경쟁임용+필기시험+합격선.pdf
9,2,경기,공무원,2023,1회,공개경쟁,화성시,,행정,일반행정,9급,장애인,1,3,3,-,2023년도+제1회+경기도+지방공무원+공개경쟁임용+필기시험+합격선.pdf
10,2,경기,공무원,2023,1회,공개경쟁,성남시,,행정,일반행정,9급,장애인,14,17,13,61,2023년도+제1회+경기도+지방공무원+공개경쟁임용+필기시험+합격선.pdf
10,2,경기,공무원,2023,1회,공개경쟁,성남시,,행정,일반행정,9급,장애인,4,18,13,78,2023년도+제1회+경기도+지방공무원+공개경쟁임용+필기시험+합격선.pdf
11,2,경기,공무원,2023,1회,공개경쟁,부천시,,행정,일반행정,9급,장애인,9,11,10,53,2023년도+제1회+경기도+지방공무원+공개경쟁임용+필기시험+합격선.pdf
11,2,경기,공무원,2023,1회,공개경쟁,부천시,,행정,일반행정,9급,장애인,3,8,5,66,2023년도+제1회+경기도+지방공무원+공개경쟁임용+필기시험+합격선.pdf
12,2,경기,공무원,2023,1회,공개경쟁,남양주시,,행정,일반행정,9급,장애인,10,15,12,67,2023년도+제1회+경기도+지방공무원+공개경쟁임용+필기시험+합격선.pdf
12,2,경기,공무원,2023,1회,공개경쟁,남양주시,,행정,일반행정,9급,장애인,5,12,10,57,2023년도+제1회+경기도+지방공무원+공개경쟁임용+필기시험+합격선.pdf
13,2,광주,공무원,2023,2회,공개경쟁,,,행정,일반행정,7급,일반,3,2363,391,95,★2023년도 제2회 광주광역시 지방공무원 임용 필기시험 합격자 및 면접시험 시행계획 공고.hwp
13,2,광주,공무원,2023,2회,공개경쟁,,행정직군,행정,일반행정,7급,일반,3,653,391,95,광주 7급 응시율+합격선 병합
14,2,대구,공무원,2023,3회,공개경쟁,,,행정,일반행정,7급,일반,12,1338,777,94,2023(붙임2) 합격선(제3회 지방공무원 임용 필기시험) (1).hwp
14,2,대구,공무원,2023,3회,공개경쟁,,행정직군,행정,일반행정,7급,일반,12,1338,777,94,대구 7급 응시율+합격선 병합
15,2,서울,공무원,2023,2회,공개경쟁,,행정직군,행정,일반행정,7급,일반,44,8987,5229,96,2023년도 제2회 서울특별시 지방공무원 임용시험 현황.xlsx
15,2,서울,공무원,2023,2회,공개경쟁,,행정직군,행정,일반행정,7급,일반,44,8987,5229,96,서울 7급 현황+합격선 병합
16,2,서울,공무원,2023,2회,공개경쟁,,행정직군,세무,지방세,7급,일반,3,731,259,84,2023년도 제2회 서울특별시 지방공무원 임용시험 현황.xlsx
16,2,서울,공무원,2023,2회,공개경쟁,,행정직군,세무,지방세,7급,일반,3,731,259,84,서울 7급 현황+합격선 병합
17,2,서울,공무원,2023,2회,공개경쟁,,기술직군,공업,일반기계,7급,일반,5,245,110,80,2023년도 제2회 서울특별시 지방공무원 임용시험 현황.xlsx
17,2,서울,공무원,2023,2회,공개경쟁,,기술직군,공업,일반기계,7급,일반,5,245,110,80,서울 7급 현황+합격선 병합
18,2,서울,공무원,2023,2회,공개경쟁,,기술직군,공업,일반전기,7급,일반,1,192,57,72,2023년도 제2회 서울특별시 지방공무원 임용시험 현황.xlsx
18,2,서울,공무원,2023,2회,공개경쟁,,기술직군,공업,일반전기,7급,일반,1,192,57,72,서울 7급 현황+합격선 병합
19,2,서울,공무원,2023,2회,공개경쟁,,기술직군,공업,일반화공,7급,일반,2,158,78,86,2023년도 제2회 서울특별시 지방공무원 임용시험 현황.xlsx
19,2,서울,공무원,2023,2회,공개경쟁,,기술직군,공업,일반화공,7급,일반,2,158,78,86,서울 7급 현황+합격선 병합
20,2,서울,공무원,2023,2회,공개경쟁,,기술직군,녹지,산림자원,7급,일반,4,122,41,73,2023년도 제2회 서울특별시 지방공무원 임용시험 현황.xlsx
20,2,서울,공무원,2023,2회,공개경쟁,,기술직군,녹지,산림자원,7급,일반,4,122,41,73,서울 7급 현황+합격선 병합
21,2,서울,공무원,2023,2회,공개경쟁,,기술직군,녹지,조경,7급,일반,4,159,69,71,2023년도 제2회 서울특별시 지방공무원 임용시험 현황.xlsx
21,2,서울,공무원,2023,2회,공개경쟁,,기술직군,녹지,조경,7급,일반,4,159,69,71,서울 7급 현황+합격선 병합
22,2,서울,공무원,2023,2회,공개경쟁,,기술직군,환경,일반환경,7급,일반,1,90,39,77,2023년도 제2회 서울특별시 지방공무원 임용시험 현황.xlsx
22,2,서울,공무원,2023,2회,공개경쟁,,기술직군,환경,일반환경,7급,일반,1,90,39,77,서울 7급 현황+합격선 병합
23,2,서울,공무원,2023,2회,공개경쟁,,기술직군,시설,일반토목,7급,일반,24,369,163,68,2023년도 제2회 서울특별시 지방공무원 임용시험 현황.xlsx
23,2,서울,공무원,2023,2회,공개경쟁,,기술직군,시설,일반토목,7급,일반,24,369,163,68,서울 7급 현황+합격선 병합
24,2,서울,공무원,2023,2회,공개경쟁,,기술직군,시설,건축,7급,일반,16,349,150,71,2023년도 제2회 서울특별시 지방공무원 임용시험 현황.xlsx
24,2,서울,공무원,2023,2회,공개경쟁,,기술직군,시설,건축,7급,일반,16,349,150,71,서울 7급 현황+합격선 병합
25,2,서울,공무원,2023,2회,공개경쟁,,기술직군,방송통신,통신기술,7급,일반,4,186,70,65,2023년도 제2회 서울특별시 지방공무원 임용시험 현황.xlsx
25,2,서울,공무원,2023,2회,공개경쟁,,기술직군,방송통신,통신기술,7급,일반,4,186,70,65,서울 7급 현황+합격선 병합
26,2,서울,공무원,2023,2회,공개경쟁,,행정직군,행정,일반행정,7급,장애인,3,149,61,82,2023년도 제2회 서울특별시 지방공무원 임용시험 현황.xlsx
26,2,서울,공무원,2023,2회,공개경쟁,,행정직군,행정,일반행정,7급,장애인,3,149,61,82,서울 7급 현황+합격선 병합
27,2,서울,공무원,2023,2회,공개경쟁,,기술직군,시설,일반토목,7급,장애인,1,2,1,,2023년도 제2회 서울특별시 지방공무원 임용시험 현황.xlsx
27,2,서울,공무원,2023,2회,공개경쟁,,기술직군,시설,일반토목,7급,장애인,1,2,1,,서울 7급 현황+합격선 병합
28,2,서울,공무원,2023,2회,공개경쟁,,기술직군,시설,건축,7급,장애인,1,4,1,,2023년도 제2회 서울특별시 지방공무원 임용시험 현황.xlsx
28,2,서울,공무원,2023,2회,공개경쟁,,기술직군,시설,건축,7급,장애인,1,4,1,,서울 7급 현황+합격선 병합
29,2,서울,공무원,2023,2회,공개경쟁,,행정직군,행정,일반행정,7급,지방의회,10,799,404,95,2023년도 제2회 서울특별시 지방공무원 임용시험 현황.xlsx
29,2,서울,공무원,2023,2회,공개경쟁,,행정직군,행정,일반행정,7급,지방의회,10,799,404,95,서울 7급 현황+합격선 병합
30,2,충남,공무원,2023,1회,공개경쟁,태안군,,공업,일반기계,9급,일반,4,14,10,62,2.+2023년도+제1회+충청남도+공개경쟁+및+경력경쟁+임용+필기시험+합격선.xlsx
30,2,충남,공무원,2023,1회,공개경쟁,태안군,,공업,일반기계,9급,일반,1,2,1,,2.+2023년도+제1회+충청남도+공개경쟁+및+경력경쟁+임용+필기시험+합격선.xlsx
31,2,충남,공무원,2023,1회,공개경쟁,태안군,,보건,보건,9급,일반,3,45,34,89,2.+2023년도+제1회+충청남도+공개경쟁+및+경력경쟁+임용+필기시험+합격선.xlsx
31,2,충남,공무원,2023,1회,공개경쟁,태안군,,보건,보건,9급,일반,1,3,2,,2.+2023년도+제1회+충청남도+공개경쟁+및+경력경쟁+임용+필기시험+합격선.xlsx
32,2,충남,공무원,2023,1회,공개경쟁,태안군,,시설,일반토목,9급,일반,7,13,11,49,2.+2023년도+제1회+충청남도+공개경쟁+및+경력경쟁+임용+필기시험+합격선.xlsx
32,2,충남,공무원,2023,1회,공개경쟁,태안군,,시설,일반토목,9급,일반,1,0,0,,2.+2023년도+제1회+충청남도+공개경쟁+및+경력경쟁+임용+필기시험+합격선.xlsx
33,2,충남,공무원,2023,1회,공개경쟁,태안군,,시설,건축,9급,일반,5,5,3,,2.+2023년도+제1회+충청남도+공개경쟁+및+경력경쟁+임용+필기시험+합격선.xlsx
33,2,충남,공무원,2023,1회,공개경쟁,태안군,,시설,건축,9급,일반,1,0,0,,2.+2023년도+제1회+충청남도+공개경쟁+및+경력경쟁+임용+필기시험+합격선.xlsx
34,2,충남,공무원,2023,1회,공개경쟁,태안군,,시설,지적,9급,일반,2,10,6,67,2.+2023년도+제1회+충청남도+공개경쟁+및+경력경쟁+임용+필기시험+합격선.xlsx
34,2,충남,공무원,2023,1회,공개경쟁,태안군,,시설,지적,9급,일반,2,10,4,,2.+2023년도+제1회+충청남도+공개경쟁+및+경력경쟁+임용+필기시험+합격선.xlsx
35,2,충남,공무원,2023,1회,공개경쟁,아산시의회,,방송통신,통신기술,9급,일반,1,10,2,,2.+2023년도+제1회+충청남도+공개경쟁+및+경력경쟁+임용+필기시험+합격선.xlsx
35,2,충남,공무원,2023,1회,공개경쟁,아산시의회,,방송통신,통신기술,9급,일반,2,27,17,,2.+2023년도+제1회+충청남도+공개경쟁+및+경력경쟁+임용+필기시험+합격선.xlsx
36,2,충남,공무원,2023,1회,공개경쟁,예산군,,사회복지,사회복지,9급,장애인,1,0,0,,2.+2023년도+제1회+충청남도+공개경쟁+및+경력경쟁+임용+필기시험+합격선.xlsx
36,2,충남,공무원,2023,1회,공개경쟁,예산군,,사회복지,사회복지,9급,장애인,2,8,6,,2.+2023년도+제1회+충청남도+공개경쟁+및+경력경쟁+임용+필기시험+합격선.xlsx
37,2,충남,공무원,2023,1회,공개경쟁,홍성군,,보건,보건,9급,장애인,1,3,2,,2.+2023년도+제1회+충청남도+공개경쟁+및+경력경쟁+임용+필기시험+합격선.xlsx
37,2,충남,공무원,2023,1회,공개경쟁,홍성군,,보건,보건,9급,장애인,1,2,2,60,2.+2023년도+제1회+충청남도+공개경쟁+및+경력경쟁+임용+필기시험+합격선.xlsx
38,3,강원,공무원,2024,1회,공개경쟁,춘천시,,공업,공업,9급,일반,1,21,14,,2024년도 강원특별자치도 지방공무원 필기시험 응시율.pdf
38,3,강원,공무원,2024,1회,공개경쟁,춘천시,,공업,공업,9급,일반,3,15,14,,2024년도 강원특별자치도 지방공무원 필기시험 응시율.pdf
38,3,강원,공무원,2024,1회,공개경쟁,춘천시,,공업,공업,9급,일반,1,3,2,,2024년도 강원특별자치도 지방공무원 필기시험 응시율.pdf
39,3,강원,공무원,2024,1회,공개경쟁,강릉시,,공업,공업,9급,일반,1,6,6,85,2024년도 강원특별자치도 지방공무원 필기시험 응시율.pdf
39,3,강원,공무원,2024,1회,공개경쟁,강릉시,,공업,공업,9급,일반,1,8,4,85,2024년도 강원특별자치도 지방공무원 필기시험 응시율.pdf
39,3,강원,공무원,2024,1회,공개경쟁,강릉시,,공업,공업,9급,일반,1,2,2,85,2024년도 강원특별자치도 지방공무원 필기시험 응시율.pdf
40,3,강원,공무원,2024,1회,공개경쟁,태백시,,공업,공업,9급,일반,3,9,9,,2024년도 강원특별자치도 지방공무원 필기시험 응시율.pdf
40,3,강원,공무원,2024,1회,공개경쟁,태백시,,공업,공업,9급,일반,1,1,1,,2024년도 강원특별자치도 지방공무원 필기시험 응시율.pdf
40,3,강원,공무원,2024,1회,공개경쟁,태백시,,공업,공업,9급,일반,1,0,0,,2024년도 강원특별자치도 지방공무원 필기시험 응시율.pdf
41,2,강원,공무원,2024,1회,공개경쟁,삼척시,,공업,공업,9급,일반,1,5,4,81,2024년도 강원특별자치도 지방공무원 필기시험 응시율.pdf
41,2,강원,공무원,2024,1회,공개경쟁,삼척시,,공업,공업,9급,일반,1,7,5,81,2024년도 강원특별자치도 지방공무원 필기시험 응시율.pdf
42,2,강원,공무원,2024,1회,공개경쟁,영월군,,공업,공업,9급,일반,1,2,2,,2024년도 강원특별자치도 지방공무원 필기시험 응시율.pdf
42,2,강원,공무원,2024,1회,공개경쟁,영월군,,공업,공업,9급,일반,1,2,1,,2024년도 강원특별자치도 지방공무원 필기시험 응시율.pdf
43,4,강원,공무원,2024,1회,공개경쟁,정선군,,공업,공업,9급,일반,1,1,1,,2024년도 강원특별자치도 지방공무원 필기시험 응시율.pdf
43,4,강원,공무원,2024,1회,공개경쟁,정선군,,공업,공업,9급,일반,1,0,0,,2024년도 강원특별자치도 지방공무원 필기시험 응시율.pdf
43,4,강원,공무원,2024,1회,공개경쟁,정선군,,공업,공업,9급,일반,2,3,3,,2024년도 강원특별자치도 지방공무원 필기시험 응시율.pdf
43,4,강원,공무원,2024,1회,공개경쟁,정선군,,공업,공업,9급,일반,1,2,0,,2024년도 강원특별자치도 지방공무원 필기시험 응시율.pdf
44,2,강원,공무원,2024,1회,공개경쟁,평창군,,공업,공업,9급,일반,1,5,4,,2024년도 강원특별자치도 지방공무원 필기시험 응시율.pdf
44,2,강원,공무원,2024,1회,공개경쟁,평창군,,공업,공업,9급,일반,1,2,1,,2024년도 강원특별자치도 지방공무원 필기시험 응시율.pdf
45,2,강원,공무원,2024,1회,공개경쟁,인제군,,공업,공업,9급,일반,1,5,2,,2024년도 강원특별자치도 지방공무원 필기시험 응시율.pdf
45,2,강원,공무원,2024,1회,공개경쟁,인제군,,공업,공업,9급,일반,1,2,2,,2024년도 강원특별자치도 지방공무원 필기시험 응시율.pdf
46,4,강원,공무원,2024,1회,공개경쟁,강원특별자치도,,공업,공업,9급,일반,2,10,6,72,2024년도 강원특별자치도 지방공무원 필기시험 응시율.pdf
46,4,강원,공무원,2024,1회,공개경쟁,강원특별자치도,,공업,공업,9급,일반,5,19,14,72,2024년도 강원특별자치도 지방공무원 필기시험 응시율.pdf
46,4,강원,공무원,2024,1회,공개경쟁,강원특별자치도,,공업,공업,9급,일반,2,6,3,72,2024년도 강원특별자치도 지방공무원 필기시험 응시율.pdf
46,4,강원,공무원,2024,1회,공개경쟁,강원특별자치도,,공업,공업,9급,일반,2,11,6,72,2024년도 강원특별자치도 지방공무원 필기시험 응시율.pdf
47,2,강원,공무원,2024,1회,공개경쟁,정선군,,농업,농업,9급,일반,2,18,13,,2024년도 강원특별자치도 지방공무원 필기시험 응시율.pdf
47,2,강원,공무원,2024,1회,공개경쟁,정선군,,농업,농업,9급,일반,1,3,3,,2024년도 강원특별자치도 지방공무원 필기시험 응시율.pdf
48,2,강원,공무원,2024,1회,공개경쟁,철원군,,농업,농업,9급,일반,2,23,17,,2024년도 강원특별자치도 지방공무원 필기시험 응시율.pdf
48,2,강원,공무원,2024,1회,공개경쟁,철원군,,농업,농업,9급,일반,1,5,5,,2024년도 강원특별자치도 지방공무원 필기시험 응시율.pdf
49,2,강원,공무원,2024,1회,공개경쟁,양구군,,농업,농업,9급,일반,1,14,13,58,2024년도 강원특별자치도 지방공무원 필기시험 응시율.pdf
49,2,강원,공무원,2024,1회,공개경쟁,양구군,,농업,농업,9급,일반,1,6,4,58,2024년도 강원특별자치도 지방공무원 필기시험 응시율.pdf
50,2,강원,공무원,2024,1회,공개경쟁,고성군,,농업,농업,9급,일반,1,8,4,,2024년도 강원특별자치도 지방공무원 필기시험 응시율.pdf
50,2,강원,공무원,2024,1회,공개경쟁,고성군,,농업,농업,9급,일반,1,1,1,,2024년도 강원특별자치도 지방공무원 필기시험 응시율.pdf
51,2,강원,공무원,2024,1회,공개경쟁,양양군,,농업,농업,9급,일반,2,14,10,71,2024년도 강원특별자치도 지방공무원 필기시험 응시율.pdf
51,2,강원,공무원,2024,1회,공개경쟁,양양군,,농업,농업,9급,일반,1,4,3,71,2024년도 강원특별자치도 지방공무원 필기시험 응시율.pdf
52,2,강원,공무원,2024,1회,공개경쟁,강릉시,,녹지,녹지,9급,일반,1,8,5,73,2024년도 강원특별자치도 지방공무원 필기시험 응시율.pdf
52,2,강원,공무원,2024,1회,공개경쟁,강릉시,,녹지,녹지,9급,일반,1,7,5,73,2024년도 강원특별자치도 지방공무원 필기시험 응시율.pdf
53,2,강원,공무원,2024,1회,공개경쟁,정선군,,녹지,녹지,9급,일반,1,2,2,,2024년도 강원특별자치도 지방공무원 필기시험 응시율.pdf
53,2,강원,공무원,2024,1회,공개경쟁,정선군,,녹지,녹지,9급,일반,1,3,2,,2024년도 강원특별자치도 지방공무원 필기시험 응시율.pdf
54,3,강원,공무원,2024,1회,공개경쟁,속초시,,시설,시설,9급,일반,1,6,4,59,2024년도 강원특별자치도 지방공무원 필기시험 응시율.pdf
54,3,강원,공무원,2024,1회,공개경쟁,속초시,,시설,시설,9급,일반,3,7,3,59,2024년도 강원특별자치도 지방공무원 필기시험 응시율.pdf
54,3,강원,공무원,2024,1회,공개경쟁,속초시,,시설,시설,9급,일반,4,3,2,59,2024년도 강원특별자치도 지방공무원 필기시험 응시율.pdf
55,4,강원,공무원,2024,1회,공개경쟁,횡성군,,시설,시설,9급,일반,1,2,2,,2024년도 강원특별자치도 지방공무원 필기시험 응시율.pdf
55,4,강원,공무원,2024,1회,공개경쟁,횡성군,,시설,시설,9급,일반,3,1,0,,2024년도 강원특별자치도 지방공무원 필기시험 응시율.pdf
55,4,강원,공무원,2024,1회,공개경쟁,횡성군,,시설,시설,9급,일반,1,11,7,,2024년도 강원특별자치도 지방공무원 필기시험 응시율.pdf
55,4,강원,공무원,2024,1회,공개경쟁,횡성군,,시설,시설,9급,일반,1,2,0,,2024년도 강원특별자치도 지방공무원 필기시험 응시율.pdf
56,3,강원,공무원,2024,1회,공개경쟁,춘천시,,시설,시설,9급,일반,6,27,20,81,2024년도 강원특별자치도 지방공무원 필기시험 응시율.pdf
56,3,강원,공무원,2024,1회,공개경쟁,춘천시,,시설,시설,9급,일반,12,67,49,81,2024년도 강원특별자치도 지방공무원 필기시험 응시율.pdf
56,3,강원,공무원,2024,1회,공개경쟁,춘천시,,시설,시설,9급,일반,2,13,8,81,2024년도 강원특별자치도 지방공무원 필기시험 응시율.pdf
57,2,강원,공무원,2024,1회,공개경쟁,원주시,,시설,시설,9급,일반,3,32,24,75,2024년도 강원특별자치도 지방공무원 필기시험 응시율.pdf
57,2,강원,공무원,2024,1회,공개경쟁,원주시,,시설,시설,9급,일반,2,15,10,75,2024년도 강원특별자치도 지방공무원 필기시험 응시율.pdf
58,3,강원,공무원,2024,1회,공개경쟁,강릉시,,시설,시설,9급,일반,4,30,28,81,2024년도 강원특별자치도 지방공무원 필기시험 응시율.pdf
58,3,강원,공무원,2024,1회,공개경쟁,강릉시,,시설,시설,9급,일반,1,6,3,81,2024년도 강원특별자치도 지방공무원 필기시험 응시율.pdf
58,3,강원,공무원,2024,1회,공개경쟁,강릉시,,시설,시설,9급,일반,3,19,13,81,2024년도 강원특별자치도 지방공무원 필기시험 응시율.pdf
59,2,강원,공무원,2024,1회,공개경쟁,동해시,,시설,시설,9급,일반,1,7,3,62,2024년도 강원특별자치도 지방공무원 필기시험 응시율.pdf
59,2,강원,공무원,2024,1회,공개경쟁,동해시,,시설,시설,9급,일반,1,8,4,62,2024년도 강원특별자치도 지방공무원 필기시험 응시율.pdf
60,2,강원,공무원,2024,1회,공개경쟁,태백시,,시설,시설,9급,일반,2,0,0,,2024년도 강원특별자치도 지방공무원 필기시험 응시율.pdf
60,2,강원,공무원,2024,1회,공개경쟁,태백시,,시설,시설,9급,일반,3,1,1,,2024년도 강원특별자치도 지방공무원 필기시험 응시율.pdf
61,2,강원,공무원,2024,1회,공개경쟁,삼척시,,시설,시설,9급,일반,2,8,6,68,2024년도 강원특별자치도 지방공무원 필기시험 응시율.pdf
61,2,강원,공무원,2024,1회,공개경쟁,삼척시,,시설,시설,9급,일반,2,6,6,68,2024년도 강원특별자치도 지방공무원 필기시험 응시율.pdf
62,2,강원,공무원,2024,1회,공개경쟁,홍천군,,시설,시설,9급,일반,5,12,8,61,2024년도 강원특별자치도 지방공무원 필기시험 응시율.pdf
62,2,강원,공무원,2024,1회,공개경쟁,홍천군,,시설,시설,9급,일반,4,11,11,61,2024년도 강원특별자치도 지방공무원 필기시험 응시율.pdf
63,2,강원,공무원,2024,1회,공개경쟁,평창군,,시설,시설,9급,일반,1,2,2,,2024년도 강원특별자치도 지방공무원 필기시험 응시율.pdf
63,2,강원,공무원,2024,1회,공개경쟁,평창군,,시설,시설,9급,일반,1,0,0,,2024년도 강원특별자치도 지방공무원 필기시험 응시율.pdf
64,3,강원,공무원,2024,1회,공개경쟁,정선군,,시설,시설,9급,일반,5,5,4,57,2024년도 강원특별자치도 지방공무원 필기시험 응시율.pdf
64,3,강원,공무원,2024,1회,공개경쟁,정선군,,시설,시설,9급,일반,5,4,4,57,2024년도 강원특별자치도 지방공무원 필기시험 응시율.pdf
64,3,강원,공무원,2024,1회,공개경쟁,정선군,,시설,시설,9급,일반,3,7,7,57,2024년도 강원특별자치도 지방공무원 필기시험 응시율.pdf
65,2,강원,공무원,2024,1회,공개경쟁,화천군,,시설,시설,9급,일반,2,4,2,,2024년도 강원특별자치도 지방공무원 필기시험 응시율.pdf
65,2,강원,공무원,2024,1회,공개경쟁,화천군,,시설,시설,9급,일반,1,1,1,,2024년도 강원특별자치도 지방공무원 필기시험 응시율.pdf
66,3,강원,공무원,2024,1회,공개경쟁,고성군,,시설,시설,9급,일반,5,4,3,53,2024년도 강원특별자치도 지방공무원 필기시험 응시율.pdf
66,3,강원,공무원,2024,1회,공개경쟁,고성군,,시설,시설,9급,일반,3,1,1,53,2024년도 강원특별자치도 지방공무원 필기시험 응시율.pdf
66,3,강원,공무원,2024,1회,공개경쟁,고성군,,시설,시설,9급,일반,2,7,7,53,2024년도 강원특별자치도 지방공무원 필기시험 응시율.pdf
67,2,강원,공무원,2024,1회,공개경쟁,양양군,,시설,시설,9급,일반,3,7,7,64,2024년도 강원특별자치도 지방공무원 필기시험 응시율.pdf
67,2,강원,공무원,2024,1회,공개경쟁,양양군,,시설,시설,9급,일반,3,13,10,64,2024년도 강원특별자치도 지방공무원 필기시험 응시율.pdf
68,3,강원,공무원,2024,1회,공개경쟁,강원특별자치도,,시설,시설,9급,일반,5,52,40,75,2024년도 강원특별자치도 지방공무원 필기시험 응시율.pdf
68,3,강원,공무원,2024,1회,공개경쟁,강원특별자치도,,시설,시설,9급,일반,4,19,15,75,2024년도 강원특별자치도 지방공무원 필기시험 응시율.pdf
68,3,강원,공무원,2024,1회,공개경쟁,강원특별자치도,,시설,시설,9급,일반,2,11,8,75,2024년도 강원특별자치도 지방공무원 필기시험 응시율.pdf
69,2,광주,공무원,2024,2회,공개경쟁,,,행정,일반행정,7급,일반,2,1708,247,96,★2024년도 제2회 광주광역시 지방공무원 임용 필기시험 합격자 및 면접시험 시행계획 공고.hwp
69,2,광주,공무원,2024,2회,공개경쟁,,행정직군,행정,일반행정,7급,일반,2,446,247,96,광주 7급 응시율+합격선 병합
70,2,대구,공무원,2024,3회,공개경쟁,,,행정,일반행정,7급,일반,6,1113,530,94,2024(붙임2) 합격선(제3회 지방공무원 임용 필기시험).hwp
70,2,대구,공무원,2024,3회,공개경쟁,,행정직군,행정,일반행정,7급,일반,6,1113,530,94.00,대구 7급 응시율+합격선 병합
71,2,서울,공무원,2024,3회,공개경쟁,,행정직군,행정,일반행정,7급,일반,105,8594,4871,94,2024년도 제3회 서울특별시 지방공무원 임용시험 현황.xlsx
71,2,서울,공무원,2024,3회,공개경쟁,,행정직군,행정,일반행정,7급,일반,105,8594,4871,94,서울 7급 현황+합격선 병합
72,2,서울,공무원,2024,3회,공개경쟁,,행정직군,세무,지방세,7급,일반,9,1020,374,86,2024년도 제3회 서울특별시 지방공무원 임용시험 현황.xlsx
72,2,서울,공무원,2024,3회,공개경쟁,,행정직군,세무,지방세,7급,일반,9,1020,374,86,서울 7급 현황+합격선 병합
73,2,서울,공무원,2024,3회,공개경쟁,,행정직군,전산,전산,7급,일반,3,553,220,87,2024년도 제3회 서울특별시 지방공무원 임용시험 현황.xlsx
73,2,서울,공무원,2024,3회,공개경쟁,,기술직군,전산,전산,7급,일반,3,553,220,87,서울 7급 현황+합격선 병합
74,2,서울,공무원,2024,3회,공개경쟁,,기술직군,공업,일반기계,7급,일반,3,210,88,81,2024년도 제3회 서울특별시 지방공무원 임용시험 현황.xlsx
74,2,서울,공무원,2024,3회,공개경쟁,,기술직군,공업,일반기계,7급,일반,3,210,88,81,서울 7급 현황+합격선 병합
75,2,서울,공무원,2024,3회,공개경쟁,,기술직군,공업,일반전기,7급,일반,1,145,47,88,2024년도 제3회 서울특별시 지방공무원 임용시험 현황.xlsx
75,2,서울,공무원,2024,3회,공개경쟁,,기술직군,공업,일반전기,7급,일반,1,145,47,88,서울 7급 현황+합격선 병합
76,2,서울,공무원,2024,3회,공개경쟁,,기술직군,공업,일반화공,7급,일반,3,157,72,84,2024년도 제3회 서울특별시 지방공무원 임용시험 현황.xlsx
76,2,서울,공무원,2024,3회,공개경쟁,,기술직군,공업,일반화공,7급,일반,3,157,72,84,서울 7급 현황+합격선 병합
77,2,서울,공무원,2024,3회,공개경쟁,,기술직군,녹지,산림자원,7급,일반,4,170,72,86,2024년도 제3회 서울특별시 지방공무원 임용시험 현황.xlsx
77,2,서울,공무원,2024,3회,공개경쟁,,기술직군,녹지,산림자원,7급,일반,4,170,72,86,서울 7급 현황+합격선 병합
78,2,서울,공무원,2024,3회,공개경쟁,,기술직군,녹지,조경,7급,일반,3,153,57,67,2024년도 제3회 서울특별시 지방공무원 임용시험 현황.xlsx
78,2,서울,공무원,2024,3회,공개경쟁,,기술직군,녹지,조경,7급,일반,3,153,57,67,서울 7급 현황+합격선 병합
79,2,서울,공무원,2024,3회,공개경쟁,,기술직군,시설,일반토목,7급,일반,15,386,158,67,2024년도 제3회 서울특별시 지방공무원 임용시험 현황.xlsx
79,2,서울,공무원,2024,3회,공개경쟁,,기술직군,시설,일반토목,7급,일반,15,386,158,67,서울 7급 현황+합격선 병합
80,2,서울,공무원,2024,3회,공개경쟁,,기술직군,시설,건축,7급,일반,8,344,127,78,2024년도 제3회 서울특별시 지방공무원 임용시험 현황.xlsx
80,2,서울,공무원,2024,3회,공개경쟁,,기술직군,시설,건축,7급,일반,8,344,127,78,서울 7급 현황+합격선 병합
81,2,서울,공무원,2024,3회,공개경쟁,,기술직군,방송통신,통신기술,7급,일반,1,97,33,72,2024년도 제3회 서울특별시 지방공무원 임용시험 현황.xlsx
81,2,서울,공무원,2024,3회,공개경쟁,,기술직군,방송통신,통신기술,7급,일반,1,97,33,72,서울 7급 현황+합격선 병합
82,2,서울,공무원,2024,3회,공개경쟁,,행정직군,행정,일반행정,7급,장애인,5,128,62,82,2024년도 제3회 서울특별시 지방공무원 임용시험 현황.xlsx
82,2,서울,공무원,2024,3회,공개경쟁,,행정직군,행정,일반행정,7급,장애인,5,128,62,82,서울 7급 현황+합격선 병합
83,2,서울,공무원,2024,3회,공개경쟁,,행정직군,세무,지방세,7급,장애인,1,12,5,63,2024년도 제3회 서울특별시 지방공무원 임용시험 현황.xlsx
83,2,서울,공무원,2024,3회,공개경쟁,,행정직군,세무,지방세,7급,장애인,1,12,5,63,서울 7급 현황+합격선 병합
84,2,서울,공무원,2024,3회,공개경쟁,,기술직군,시설,일반토목,7급,장애인,1,1,0,,2024년도 제3회 서울특별시 지방공무원 임용시험 현황.xlsx
84,2,서울,공무원,2024,3회,공개경쟁,,기술직군,시설,일반토목,7급,장애인,1,1,0,,서울 7급 현황+합격선 병합
85,2,서울,공무원,2024,3회,공개경쟁,,기술직군,시설,건축,7급,장애인,1,4,3,,2024년도 제3회 서울특별시 지방공무원 임용시험 현황.xlsx
85,2,서울,공무원,2024,3회,공개경쟁,,기술직군,시설,건축,7급,장애인,1,4,3,,서울 7급 현황+합격선 병합
86,2,서울,공무원,2024,3회,공개경쟁,,행정직군,행정,일반행정,7급,지방의회,5,341,138,94,2024년도 제3회 서울특별시 지방공무원 임용시험 현황.xlsx
86,2,서울,공무원,2024,3회,공개경쟁,,행정직군,행정,일반행정,7급,지방의회,5,341,138,94,서울 7급 현황+합격선 병합
87,2,충남,공무원,2024,1회,공개경쟁,태안군,,보건,보건,9급,일반,2,11,8,86,2.+2024년도+제1회+충청남도+공개경쟁+및+경력경쟁+임용+필기시험+합격선.xlsx
87,2,충남,공무원,2024,1회,공개경쟁,태안군,,보건,보건,9급,일반,1,=SUM(E266),=SUM(F266),,2.+2024년도+제1회+충청남도+공개경쟁+및+경력경쟁+임용+필기시험+합격선.xlsx
88,2,충남,공무원,2024,1회,공개경쟁,태안군,,환경,일반환경,9급,일반,1,0,0,,2.+2024년도+제1회+충청남도+공개경쟁+및+경력경쟁+임용+필기시험+합격선.xlsx
88,2,충남,공무원,2024,1회,공개경쟁,태안군,,환경,일반환경,9급,일반,1,=SUM(E281),=SUM(F281),,2.+2024년도+제1회+충청남도+공개경쟁+및+경력경쟁+임용+필기시험+합격선.xlsx
89,2,충남,공무원,2024,1회,공개경쟁,태안군,,시설,일반토목,9급,일반,5,7,7,61,2.+2024년도+제1회+충청남도+공개경쟁+및+경력경쟁+임용+필기시험+합격선.xlsx
89,2,충남,공무원,2024,1회,공개경쟁,태안군,,시설,일반토목,9급,일반,1,=SUM(E300),=SUM(F300),,2.+2024년도+제1회+충청남도+공개경쟁+및+경력경쟁+임용+필기시험+합격선.xlsx
90,2,충남,공무원,2024,1회,공개경쟁,태안군,,시설,건축,9급,일반,4,8,6,57,2.+2024년도+제1회+충청남도+공개경쟁+및+경력경쟁+임용+필기시험+합격선.xlsx
90,2,충남,공무원,2024,1회,공개경쟁,태안군,,시설,건축,9급,일반,1,=SUM(E319),=SUM(F319),,2.+2024년도+제1회+충청남도+공개경쟁+및+경력경쟁+임용+필기시험+합격선.xlsx
91,2,광주,공무원,2025,2회,공개경쟁,,,행정,일반행정,7급,일반,3,1590,234,88,★2025년도 제2회 광주광역시 지방공무원 임용 필기시험 합격자 및 면접시험 시행계획 공고.hwpx
91,2,광주,공무원,2025,2회,공개경쟁,,행정직군,행정,일반행정,7급,일반,3,436,234,88,광주 7급 응시율+합격선 병합
92,2,대구,공무원,2025,3회,공개경쟁,,,행정,일반행정,7급,일반,2,681,331,88,2025★(붙임2) 합격선(제3회 지방공무원 임용 필기시험).hwp
92,2,대구,공무원,2025,3회,공개경쟁,,행정직군,행정,일반행정,7급,일반,2,681,331,88,대구 7급 응시율+합격선 병합
93,2,서울,공무원,2025,2회,공개경쟁,,행정직군,행정,일반행정,7급,일반,63,7402,3916,88,2025년도 제2회 서울특별시 지방공무원 임용시험 현황.xlsx
93,2,서울,공무원,2025,2회,공개경쟁,,행정직군,행정,일반행정,7급,일반,63,7402,3916,88,서울 7급 현황+합격선 병합
94,2,서울,공무원,2025,2회,공개경쟁,,행정직군,세무,지방세,7급,일반,2,802,254,82,2025년도 제2회 서울특별시 지방공무원 임용시험 현황.xlsx
94,2,서울,공무원,2025,2회,공개경쟁,,행정직군,세무,지방세,7급,일반,2,802,254,82,서울 7급 현황+합격선 병합
95,2,서울,공무원,2025,2회,공개경쟁,,과학기술직군,공업,일반기계,7급,일반,2,201,74,81,2025년도 제2회 서울특별시 지방공무원 임용시험 현황.xlsx
95,2,서울,공무원,2025,2회,공개경쟁,,기술직군,공업,일반기계,7급,일반,2,201,74,81,서울 7급 현황+합격선 병합
96,2,서울,공무원,2025,2회,공개경쟁,,과학기술직군,공업,일반전기,7급,일반,3,231,80,71,2025년도 제2회 서울특별시 지방공무원 임용시험 현황.xlsx
96,2,서울,공무원,2025,2회,공개경쟁,,기술직군,공업,일반전기,7급,일반,3,231,80,71,서울 7급 현황+합격선 병합
97,2,서울,공무원,2025,2회,공개경쟁,,과학기술직군,공업,일반화공,7급,일반,1,132,56,80,2025년도 제2회 서울특별시 지방공무원 임용시험 현황.xlsx
97,2,서울,공무원,2025,2회,공개경쟁,,기술직군,공업,일반화공,7급,일반,1,132,56,80,서울 7급 현황+합격선 병합
98,2,서울,공무원,2025,2회,공개경쟁,,과학기술직군,녹지,산림자원,7급,일반,2,136,67,82,2025년도 제2회 서울특별시 지방공무원 임용시험 현황.xlsx
98,2,서울,공무원,2025,2회,공개경쟁,,기술직군,녹지,산림자원,7급,일반,2,136,67,82,서울 7급 현황+합격선 병합
99,2,서울,공무원,2025,2회,공개경쟁,,과학기술직군,녹지,조경,7급,일반,2,161,55,66,2025년도 제2회 서울특별시 지방공무원 임용시험 현황.xlsx
99,2,서울,공무원,2025,2회,공개경쟁,,기술직군,녹지,조경,7급,일반,2,161,55,66,서울 7급 현황+합격선 병합
100,2,서울,공무원,2025,2회,공개경쟁,,과학기술직군,시설,일반토목,7급,일반,15,413,156,66,2025년도 제2회 서울특별시 지방공무원 임용시험 현황.xlsx
100,2,서울,공무원,2025,2회,공개경쟁,,기술직군,시설,일반토목,7급,일반,15,413,156,66,서울 7급 현황+합격선 병합
101,2,서울,공무원,2025,2회,공개경쟁,,과학기술직군,시설,건축,7급,일반,6,313,104,74,2025년도 제2회 서울특별시 지방공무원 임용시험 현황.xlsx
101,2,서울,공무원,2025,2회,공개경쟁,,기술직군,시설,건축,7급,일반,6,313,104,74,서울 7급 현황+합격선 병합
102,2,서울,공무원,2025,2회,공개경쟁,,행정직군,행정,일반행정,7급,장애인,3,92,43,77,2025년도 제2회 서울특별시 지방공무원 임용시험 현황.xlsx
102,2,서울,공무원,2025,2회,공개경쟁,,행정직군,행정,일반행정,7급,장애인,3,92,43,77,서울 7급 현황+합격선 병합
103,2,서울,공무원,2025,2회,공개경쟁,,과학기술직군,시설,일반토목,7급,장애인,1,2,1,,2025년도 제2회 서울특별시 지방공무원 임용시험 현황.xlsx
103,2,서울,공무원,2025,2회,공개경쟁,,기술직군,시설,일반토목,7급,장애인,1,2,1,,서울 7급 현황+합격선 병합
104,2,서울,공무원,2025,2회,공개경쟁,,과학기술직군,시설,건축,7급,장애인,1,8,4,60,2025년도 제2회 서울특별시 지방공무원 임용시험 현황.xlsx
104,2,서울,공무원,2025,2회,공개경쟁,,기술직군,시설,건축,7급,장애인,1,8,4,60,서울 7급 현황+합격선 병합
105,2,인천,공무원,2025,1회,공개경쟁,시·구,,공업,일반기계,9급,일반,22,67,42,58,2025 인천.pdf
105,2,인천,공무원,2025,1회,공개경쟁,시·구,,공업,일반기계,9급,일반,1,2,1,,2025년도 인천광역시 지방공무원 7급 필기시험 통계자료(공개용).pdf
106,2,인천,공무원,2025,1회,공개경쟁,시·구,,시설,일반토목,9급,일반,33,175,144,70,2025 인천.pdf
106,2,인천,공무원,2025,1회,공개경쟁,시·구,,시설,일반토목,9급,일반,1,1,1,,2025년도 인천광역시 지방공무원 7급 필기시험 통계자료(공개용).pdf
107,2,인천,공무원,2025,1회,공개경쟁,시·구,,시설,건축,9급,일반,33,121,85,55,2025 인천.pdf
107,2,인천,공무원,2025,1회,공개경쟁,시·구,,시설,건축,9급,일반,1,1,1,99.67,2025년도 인천광역시 지방공무원 7급 필기시험 통계자료(공개용).pdf
108,2,인천,공무원,2025,1회,공개경쟁,시·구,,시설관리,전기시설,9급,일반,3,26,13,71.66,2025 인천.pdf
108,2,인천,공무원,2025,1회,공개경쟁,시·구,,시설관리,전기시설,9급,일반,1,2,2,,2025년도 인천광역시 지방공무원 7급 필기시험 통계자료(공개용).pdf
