지역,연도,회차,임용기관,직군,직렬,직류,대상,선발,접수,응시,합격선,원본파일명,중복그룹
서울,2023,2회,,행정직군,행정,일반행정,일반,44,8987,5229,96,2023년도 제2회 서울특별시 지방공무원 임용시험 현황.xlsx,중복1
서울,2023,2회,,행정직군,행정,일반행정,일반,44,8987,5229,96,서울 7급 현황+합격선 병합,중복1
서울,2023,2회,,행정직군,행정,일반행정,지방의회,10,799,404,95,2023년도 제2회 서울특별시 지방공무원 임용시험 현황.xlsx,중복2
서울,2023,2회,,행정직군,행정,일반행정,지방의회,10,799,404,95,서울 7급 현황+합격선 병합,중복2
서울,2023,2회,,행정직군,행정,일반행정,장애인,3,149,61,82,2023년도 제2회 서울특별시 지방공무원 임용시험 현황.xlsx,중복3
서울,2023,2회,,행정직군,행정,일반행정,장애인,3,149,61,82,서울 7급 현황+합격선 병합,중복3
서울,2023,2회,,행정직군,세무,지방세,일반,3,731,259,84,2023년도 제2회 서울특별시 지방공무원 임용시험 현황.xlsx,중복4
서울,2023,2회,,행정직군,세무,지방세,일반,3,731,259,84,서울 7급 현황+합격선 병합,중복4
서울,2023,2회,,기술직군,공업,일반기계,일반,5,245,110,80,2023년도 제2회 서울특별시 지방공무원 임용시험 현황.xlsx,중복5
서울,2023,2회,,기술직군,공업,일반기계,일반,5,245,110,80,서울 7급 현황+합격선 병합,중복5
서울,2023,2회,,기술직군,공업,일반전기,일반,1,192,57,72,2023년도 제2회 서울특별시 지방공무원 임용시험 현황.xlsx,중복6
서울,2023,2회,,기술직군,공업,일반전기,일반,1,192,57,72,서울 7급 현황+합격선 병합,중복6
서울,2023,2회,,기술직군,공업,일반화공,일반,2,158,78,86,2023년도 제2회 서울특별시 지방공무원 임용시험 현황.xlsx,중복7
서울,2023,2회,,기술직군,공업,일반화공,일반,2,158,78,86,서울 7급 현황+합격선 병합,중복7
서울,2023,2회,,기술직군,녹지,산림자원,일반,4,122,41,73,2023년도 제2회 서울특별시 지방공무원 임용시험 현황.xlsx,중복8
서울,2023,2회,,기술직군,녹지,산림자원,일반,4,122,41,73,서울 7급 현황+합격선 병합,중복8
서울,2023,2회,,기술직군,녹지,조경,일반,4,159,69,71,2023년도 제2회 서울특별시 지방공무원 임용시험 현황.xlsx,중복9
서울,2023,2회,,기술직군,녹지,조경,일반,4,159,69,71,서울 7급 현황+합격선 병합,중복9
서울,2023,2회,,기술직군,환경,일반환경,일반,1,90,39,77,2023년도 제2회 서울특별시 지방공무원 임용시험 현황.xlsx,중복10
서울,2023,2회,,기술직군,환경,일반환경,일반,1,90,39,77,서울 7급 현황+합격선 병합,중복10
서울,2023,2회,,기술직군,시설,일반토목,일반,24,369,163,68,2023년도 제2회 서울특별시 지방공무원 임용시험 현황.xlsx,중복11
서울,2023,2회,,기술직군,시설,일반토목,일반,24,369,163,68,서울 7급 현황+합격선 병합,중복11
서울,2023,2회,,기술직군,시설,일반토목,장애인,1,2,1,,2023년도 제2회 서울특별시 지방공무원 임용시험 현황.xlsx,중복12
서울,2023,2회,,기술직군,시설,일반토목,장애인,1,2,1,,서울 7급 현황+합격선 병합,중복12
서울,2023,2회,,기술직군,시설,건축,일반,16,349,150,71,2023년도 제2회 서울특별시 지방공무원 임용시험 현황.xlsx,중복13
서울,2023,2회,,기술직군,시설,건축,일반,16,349,150,71,서울 7급 현황+합격선 병합,중복13
서울,2023,2회,,기술직군,시설,건축,장애인,1,4,1,,2023년도 제2회 서울특별시 지방공무원 임용시험 현황.xlsx,중복14
서울,2023,2회,,기술직군,시설,건축,장애인,1,4,1,,서울 7급 현황+합격선 병합,중복14
서울,2023,2회,,기술직군,방송통신,통신기술,일반,4,186,70,65,2023년도 제2회 서울특별시 지방공무원 임용시험 현황.xlsx,중복15
서울,2023,2회,,기술직군,방송통신,통신기술,일반,4,186,70,65,서울 7급 현황+합격선 병합,중복15
서울,2024,3회,,행정직군,행정,일반행정,일반,105,8594,4871,94,2024년도 제3회 서울특별시 지방공무원 임용시험 현황.xlsx,중복16
서울,2024,3회,,행정직군,행정,일반행정,일반,105,8594,4871,94,서울 7급 현황+합격선 병합,중복16
서울,2024,3회,,행정직군,행정,일반행정,지방의회,5,341,138,94,2024년도 제3회 서울특별시 지방공무원 임용시험 현황.xlsx,중복17
서울,2024,3회,,행정직군,행정,일반행정,지방의회,5,341,138,94,서울 7급 현황+합격선 병합,중복17
서울,2024,3회,,행정직군,행정,일반행정,장애인,5,128,62,82,2024년도 제3회 서울특별시 지방공무원 임용시험 현황.xlsx,중복18
서울,2024,3회,,행정직군,행정,일반행정,장애인,5,128,62,82,서울 7급 현황+합격선 병합,중복18
서울,2024,3회,,행정직군,세무,지방세,일반,9,1020,374,86,2024년도 제3회 서울특별시 지방공무원 임용시험 현황.xlsx,중복19
서울,2024,3회,,행정직군,세무,지방세,일반,9,1020,374,86,서울 7급 현황+합격선 병합,중복19
서울,2024,3회,,행정직군,세무,지방세,장애인,1,12,5,63,2024년도 제3회 서울특별시 지방공무원 임용시험 현황.xlsx,중복20
서울,2024,3회,,행정직군,세무,지방세,장애인,1,12,5,63,서울 7급 현황+합격선 병합,중복20
서울,2024,3회,,행정직군,전산,전산,일반,3,553,220,87,2024년도 제3회 서울특별시 지방공무원 임용시험 현황.xlsx,중복21
서울,2024,3회,,기술직군,전산,전산,일반,3,553,220,87,서울 7급 현황+합격선 병합,중복21
서울,2024,3회,,기술직군,공업,일반기계,일반,3,210,88,81,2024년도 제3회 서울특별시 지방공무원 임용시험 현황.xlsx,중복22
서울,2024,3회,,기술직군,공업,일반기계,일반,3,210,88,81,서울 7급 현황+합격선 병합,중복22
서울,2024,3회,,기술직군,공업,일반전기,일반,1,145,47,88,2024년도 제3회 서울특별시 지방공무원 임용시험 현황.xlsx,중복23
서울,2024,3회,,기술직군,공업,일반전기,일반,1,145,47,88,서울 7급 현황+합격선 병합,중복23
서울,2024,3회,,기술직군,공업,일반화공,일반,3,157,72,84,2024년도 제3회 서울특별시 지방공무원 임용시험 현황.xlsx,중복24
서울,2024,3회,,기술직군,공업,일반화공,일반,3,157,72,84,서울 7급 현황+합격선 병합,중복24
서울,2024,3회,,기술직군,녹지,산림자원,일반,4,170,72,86,2024년도 제3회 서울특별시 지방공무원 임용시험 현황.xlsx,중복25
서울,2024,3회,,기술직군,녹지,산림자원,일반,4,170,72,86,서울 7급 현황+합격선 병합,중복25
서울,2024,3회,,기술직군,녹지,조경,일반,3,153,57,67,2024년도 제3회 서울특별시 지방공무원 임용시험 현황.xlsx,중복26
서울,2024,3회,,기술직군,녹지,조경,일반,3,153,57,67,서울 7급 현황+합격선 병합,중복26
서울,2024,3회,,기술직군,시설,일반토목,일반,15,386,158,67,2024년도 제3회 서울특별시 지방공무원 임용시험 현황.xlsx,중복27
서울,2024,3회,,기술직군,시설,일반토목,일반,15,386,158,67,서울 7급 현황+합격선 병합,중복27
서울,2024,3회,,기술직군,시설,일반토목,장애인,1,1,0,,2024년도 제3회 서울특별시 지방공무원 임용시험 현황.xlsx,중복28
서울,2024,3회,,기술직군,시설,일반토목,장애인,1,1,0,,서울 7급 현황+합격선 병합,중복28
서울,2024,3회,,기술직군,시설,건축,일반,8,344,127,78,2024년도 제3회 서울특별시 지방공무원 임용시험 현황.xlsx,중복29
서울,2024,3회,,기술직군,시설,건축,일반,8,344,127,78,서울 7급 현황+합격선 병합,중복29
서울,2024,3회,,기술직군,시설,건축,장애인,1,4,3,,2024년도 제3회 서울특별시 지방공무원 임용시험 현황.xlsx,중복30
서울,2024,3회,,기술직군,시설,건축,장애인,1,4,3,,서울 7급 현황+합격선 병합,중복30
서울,2024,3회,,기술직군,방송통신,통신기술,일반,1,97,33,72,2024년도 제3회 서울특별시 지방공무원 임용시험 현황.xlsx,중복31
서울,2024,3회,,기술직군,방송통신,통신기술,일반,1,97,33,72,서울 7급 현황+합격선 병합,중복31
서울,2025,2회,,행정직군,행정,일반행정,일반,63,7402,3916,88,2025년도 제2회 서울특별시 지방공무원 임용시험 현황.xlsx,중복32
서울,2025,2회,,행정직군,행정,일반행정,일반,63,7402,3916,88,서울 7급 현황+합격선 병합,중복32
서울,2025,2회,,행정직군,행정,일반행정,장애인,3,92,43,77,2025년도 제2회 서울특별시 지방공무원 임용시험 현황.xlsx,중복33
서울,2025,2회,,행정직군,행정,일반행정,장애인,3,92,43,77,서울 7급 현황+합격선 병합,중복33
서울,2025,2회,,행정직군,세무,지방세,일반,2,802,254,82,2025년도 제2회 서울특별시 지방공무원 임용시험 현황.xlsx,중복34
서울,2025,2회,,행정직군,세무,지방세,일반,2,802,254,82,서울 7급 현황+합격선 병합,중복34
서울,2025,2회,,과학기술직군,공업,일반기계,일반,2,201,74,81,2025년도 제2회 서울특별시 지방공무원 임용시험 현황.xlsx,중복35
서울,2025,2회,,기술직군,공업,일반기계,일반,2,201,74,81,서울 7급 현황+합격선 병합,중복35
서울,2025,2회,,과학기술직군,공업,일반전기,일반,3,231,80,71,2025년도 제2회 서울특별시 지방공무원 임용시험 현황.xlsx,중복36
서울,2025,2회,,기술직군,공업,일반전기,일반,3,231,80,71,서울 7급 현황+합격선 병합,중복36
서울,2025,2회,,과학기술직군,공업,일반화공,일반,1,132,56,80,2025년도 제2회 서울특별시 지방공무원 임용시험 현황.xlsx,중복37
서울,2025,2회,,기술직군,공업,일반화공,일반,1,132,56,80,서울 7급 현황+합격선 병합,중복37
서울,2025,2회,,과학기술직군,녹지,산림자원,일반,2,136,67,82,2025년도 제2회 서울특별시 지방공무원 임용시험 현황.xlsx,중복38
서울,2025,2회,,기술직군,녹지,산림자원,일반,2,136,67,82,서울 7급 현황+합격선 병합,중복38
서울,2025,2회,,과학기술직군,녹지,조경,일반,2,161,55,66,2025년도 제2회 서울특별시 지방공무원 임용시험 현황.xlsx,중복39
서울,2025,2회,,기술직군,녹지,조경,일반,2,161,55,66,서울 7급 현황+합격선 병합,중복39
서울,2025,2회,,과학기술직군,시설,일반토목,일반,15,413,156,66,2025년도 제2회 서울특별시 지방공무원 임용시험 현황.xlsx,중복40
서울,2025,2회,,기술직군,시설,일반토목,일반,15,413,156,66,서울 7급 현황+합격선 병합,중복40
서울,2025,2회,,과학기술직군,시설,일반토목,장애인,1,2,1,,2025년도 제2회 서울특별시 지방공무원 임용시험 현황.xlsx,중복41
서울,2025,2회,,기술직군,시설,일반토목,장애인,1,2,1,,서울 7급 현황+합격선 병합,중복41
서울,2025,2회,,과학기술직군,시설,건축,일반,6,313,104,74,2025년도 제2회 서울특별시 지방공무원 임용시험 현황.xlsx,중복42
서울,2025,2회,,기술직군,시설,건축,일반,6,313,104,74,서울 7급 현황+합격선 병합,중복42
서울,2025,2회,,과학기술직군,시설,건축,장애인,1,8,4,60,2025년도 제2회 서울특별시 지방공무원 임용시험 현황.xlsx,중복43
서울,2025,2회,,기술직군,시설,건축,장애인,1,8,4,60,서울 7급 현황+합격선 병합,중복43
대구,2023,3회,,,행정,일반행정,일반,12,1338,777,94,2023(붙임2) 합격선(제3회 지방공무원 임용 필기시험) (1).hwp,중복44
대구,2023,3회,,행정직군,행정,일반행정,일반,12,1338,777,94,대구 7급 응시율+합격선 병합,중복44
대구,2024,3회,,,행정,일반행정,일반,6,1113,530,94,2024(붙임2) 합격선(제3회 지방공무원 임용 필기시험).hwp,중복45
대구,2024,3회,,행정직군,행정,일반행정,일반,6,1113,530,94.00,대구 7급 응시율+합격선 병합,중복45
대구,2025,3회,,,행정,일반행정,일반,2,681,331,88,2025★(붙임2) 합격선(제3회 지방공무원 임용 필기시험).hwp,중복46
대구,2025,3회,,행정직군,행정,일반행정,일반,2,681,331,88,대구 7급 응시율+합격선 병합,중복46
광주,2023,2회,,,행정,일반행정,일반,3,2363,391,95,★2023년도 제2회 광주광역시 지방공무원 임용 필기시험 합격자 및 면접시험 시행계획 공고.hwp,중복47
광주,2023,2회,,행정직군,행정,일반행정,일반,3,653,391,95,광주 7급 응시율+합격선 병합,중복47
광주,2024,2회,,,행정,일반행정,일반,2,1708,247,96,★2024년도 제2회 광주광역시 지방공무원 임용 필기시험 합격자 및 면접시험 시행계획 공고.hwp,중복48
광주,2024,2회,,행정직군,행정,일반행정,일반,2,446,247,96,광주 7급 응시율+합격선 병합,중복48
광주,2025,2회,,,행정,일반행정,일반,3,1590,234,88,★2025년도 제2회 광주광역시 지방공무원 임용 필기시험 합격자 및 면접시험 시행계획 공고.hwpx,중복49
광주,2025,2회,,행정직군,행정,일반행정,일반,3,436,234,88,광주 7급 응시율+합격선 병합,중복49
경기,2023,2회,경기도,행정직군,행정,일반행정,일반,7,2167,1185,97,2023년도 제2회 경기도 공개경쟁(7급) 필기시험 합격선.pdf,
경기,2023,2회,평택시,행정직군,행정,일반행정,일반,1,107,49,87,2023년도 제2회 경기도 공개경쟁(7급) 필기시험 합격선.pdf,
경기,2023,2회,경기도,행정직군,행정,일반행정,장애인,1,38,16,54,2023년도 제2회 경기도 공개경쟁(7급) 필기시험 합격선.pdf,
경기,2023,2회,경기도,기술직군,녹지,산림자원,일반,2,65,30,76,2023년도 제2회 경기도 공개경쟁(7급) 필기시험 합격선.pdf,
경남,2023,2회,창원시,행정직군,행정,일반행정,일반,2,684,325,97.00,경남 7급 응시율+합격선 병합(창원시 일반행정),
경북,2023,2회,경북도,행정직군,행정,일반행정,일반,5,309,170,94,2023년도 경상북도 7급 공채 필기시험 합격선.pdf,
경북,2023,2회,포항시,행정직군,행정,일반행정,일반,2,150,74,93,2023년도 경상북도 7급 공채 필기시험 합격선.pdf,
경북,2023,2회,경주시,행정직군,행정,일반행정,일반,1,69,32,91,2023년도 경상북도 7급 공채 필기시험 합격선.pdf,
경북,2023,2회,김천시,행정직군,행정,일반행정,일반,1,59,34,89,2023년도 경상북도 7급 공채 필기시험 합격선.pdf,
경북,2023,2회,구미시,행정직군,행정,일반행정,일반,1,79,45,87,2023년도 경상북도 7급 공채 필기시험 합격선.pdf,
경북,2023,2회,영천시,행정직군,행정,일반행정,일반,1,49,25,87,2023년도 경상북도 7급 공채 필기시험 합격선.pdf,
경북,2023,2회,상주시,행정직군,행정,일반행정,일반,1,66,36,89,2023년도 경상북도 7급 공채 필기시험 합격선.pdf,
경북,2023,2회,경산시,행정직군,행정,일반행정,일반,1,65,27,90,2023년도 경상북도 7급 공채 필기시험 합격선.pdf,
경북,2023,2회,영양군,행정직군,행정,일반행정,일반,1,31,14,74,2023년도 경상북도 7급 공채 필기시험 합격선.pdf,
경북,2023,2회,칠곡군,행정직군,행정,일반행정,일반,1,62,31,87,2023년도 경상북도 7급 공채 필기시험 합격선.pdf,
경북,2023,2회,봉화군,행정직군,행정,일반행정,일반,1,36,15,76,2023년도 경상북도 7급 공채 필기시험 합격선.pdf,
경북,2023,2회,울진군,행정직군,행정,일반행정,일반,1,25,14,81,2023년도 경상북도 7급 공채 필기시험 합격선.pdf,
경북,2023,2회,영덕군,행정직군,행정,일반행정,장애인,1,3,,,2023년도 경상북도 7급 공채 필기시험 합격선.pdf,
광주,2023,2회,,기술직군,수의,수의,일반,1,5,2,80,광주 7급 응시율+합격선 병합,
대전,2023,2회,,행정직군,행정,일반행정,일반,5,774,425,95.00,대전 7급 응시율+합격선 병합,
대전,2023,2회,,기술직군,수의,수의,일반,4,3,1,65.00,대전 7급 응시율+합격선 병합,
부산,2023,2회,,행정직군,행정,일반행정,일반,7,1539,830,95.00,2023년도 제2회 부산광역시 지방공무원 임용 필기시험 합격선(게시).pdf,
부산,2023,,,행정직군,행정,일반행정,일반,7,1539,830,95.00,부산 7급 응시율/합격선 병합,
서울,2023,2회,,행정직군,행정,감사,일반,2,226,86,90,2023년도 제2회 서울특별시 지방공무원 임용시험 현황.xlsx,
서울,2023,2회,,행정직군,감사,감사,일반,2,226,86,90,서울 7급 현황+합격선 병합,
세종,2023,2회,,행정직군,행정,일반행정,일반,10,327,203,90.00,세종 7급 응시현황+합격선 병합,
인천,2023,1회,인천광역시,,행정,일반행정,일반,5,695,413,93,2023년도 인천광역시 7급 필기시험 합격자 통계자료(공개용).pdf,
인천,2023,1회,인천광역시,,시설,일반토목,일반,1,28,11,60,2023년도 인천광역시 7급 필기시험 합격자 통계자료(공개용).pdf,
인천,2023,1회,인천광역시,,시설,건축,일반,1,16,6,,2023년도 인천광역시 7급 필기시험 합격자 통계자료(공개용).pdf,
인천,2023,2회,인천광역시,행정직군,행정,일반행정,일반,5,695,413,93,인천 7급 통계자료(합격선=평균),
인천,2023,2회,인천광역시,기술직군,시설,일반토목,일반,1,28,11,60,인천 7급 통계자료(합격선=평균),
인천,2023,2회,인천광역시,기술직군,시설,건축,일반,1,16,6,,인천 7급 통계자료(합격선=평균),
전남,2023,4회,도일괄,행정직군,행정,일반행정,일반,19,982,,90,전남 7급 행정(일반행정) 도일괄,
전북,2023,4회,전라북도,행정직군,행정,일반행정,일반,5,470,241,93.00,전북 7급 시·군별 응시현황+합격선 병합,
전북,2023,4회,전주시,행정직군,행정,일반행정,일반,4,239,128,88.00,전북 7급 시·군별 응시현황+합격선 병합,
충남,2023,2회,충청남도,행정직군,행정,일반행정,일반,5,532,282,92.0,충남 7급 행정(일반행정) 응시현황+합격선,
충북,2023,3회,충청북도,행정직군,행정,일반행정,일반,2,254,121,94.00,충북 7급 행정(일반행정) 응시현황+합격선,
충북,2023,3회,청주시,행정직군,행정,일반행정,일반,2,231,148,93.00,충북 7급 행정(일반행정) 응시현황+합격선,
강원,2024,2회,도,행정직군,행정,일반행정,일반,2,237,96,94.00,2024년도 강원특별자치도 지방공무원 7급 필기시험 합격선.pdf,
강원,2024,2회,양구군,행정직군,행정,일반행정,일반,1,2,2,,2024년도 강원특별자치도 지방공무원 7급 필기시험 합격선.pdf,
경기,2024,2회,경기도,행정직군,행정,일반행정,일반,5,1211,614,92,2024년도 경기도 지방공무원 7급 필기시험 합격선.pdf,
경기,2024,2회,경기도,행정직군,행정,일반행정,장애인,3,61,27,76,2024년도 경기도 지방공무원 7급 필기시험 합격선.pdf,
경기,2024,2회,경기도,기술직군,농업,축산,일반,4,92,43,86,2024년도 경기도 지방공무원 7급 필기시험 합격선.pdf,
경남,2024,2회,창원시,행정직군,행정,일반행정,일반,2,481,226,95.00,경남 7급 응시율+합격선 병합(창원시 일반행정),
경북,2024,2회,경북도,행정직군,행정,일반행정,일반,4,278,143,92,2024년도 경북 지방직 7급 합격선.pdf,
경북,2024,2회,경주시,행정직군,행정,일반행정,일반,1,74,30,93,2024년도 경북 지방직 7급 합격선.pdf,
경북,2024,2회,김천시,행정직군,행정,일반행정,일반,1,35,18,83,2024년도 경북 지방직 7급 합격선.pdf,
경북,2024,2회,안동시,행정직군,행정,일반행정,일반,1,62,36,83,2024년도 경북 지방직 7급 합격선.pdf,
경북,2024,2회,구미시,행정직군,행정,일반행정,일반,1,108,59,93,2024년도 경북 지방직 7급 합격선.pdf,
경북,2024,2회,영천시,행정직군,행정,일반행정,일반,1,64,31,92,2024년도 경북 지방직 7급 합격선.pdf,
경북,2024,2회,상주시,행정직군,행정,일반행정,일반,1,41,21,83,2024년도 경북 지방직 7급 합격선.pdf,
경북,2024,2회,문경시,행정직군,행정,일반행정,일반,1,25,15,90,2024년도 경북 지방직 7급 합격선.pdf,
경북,2024,2회,의성군,행정직군,행정,일반행정,일반,1,57,28,89,2024년도 경북 지방직 7급 합격선.pdf,
경북,2024,2회,청도군,행정직군,행정,일반행정,일반,1,36,11,83,2024년도 경북 지방직 7급 합격선.pdf,
경북,2024,2회,예천군,행정직군,행정,일반행정,일반,1,52,25,85,2024년도 경북 지방직 7급 합격선.pdf,
경북,2024,2회,청송군,행정직군,행정,일반행정,장애인,1,1,,,2024년도 경북 지방직 7급 합격선.pdf,
경북,2024,2회,영덕군,행정직군,행정,일반행정,장애인,1,1,1,64,2024년도 경북 지방직 7급 합격선.pdf,
광주,2024,2회,,기술직군,수의,수의,일반,2,4,1,,광주 7급 응시율+합격선 병합,
대전,2024,2회,,행정직군,행정,일반행정,일반,2,501,260,93.00,대전 7급 응시율+합격선 병합,
부산,2024,2회,,행정직군,행정,일반행정,일반,5,585,10,,2024년도 제2회 부산광역시 지방공무원 임용 필기시험 합격선(게시).pdf,
부산,2024,,,행정직군,행정,일반행정,일반,5,,585,94.00,부산 7급 응시율/합격선 병합,
서울,2024,3회,,행정직군,행정,감사,일반,2,196,67,91,2024년도 제3회 서울특별시 지방공무원 임용시험 현황.xlsx,
서울,2024,3회,,기술직군,시설,지적,일반,1,59,16,85,2024년도 제3회 서울특별시 지방공무원 임용시험 현황.xlsx,
서울,2024,3회,,행정직군,감사,감사,일반,2,196,67,91,서울 7급 현황+합격선 병합,
세종,2024,2회,,행정직군,행정,일반행정,일반,4,269,,93.00,세종 7급 응시현황+합격선 병합,
울산,2024,,,행정직군,행정,일반행정,일반,2,229,123,93.00,울산 7급 2024 응시현황+합격선,
인천,2024,1회,시·구,,행정,일반행정,일반,2,423,220,93,(붙임2)2024년도 인천광역시 지방공무원 임용시험 통계자료.pdf,
인천,2024,2회,시·구,행정직군,행정,일반행정,일반,2,423,220,93,인천 7급 통계자료(합격선=평균),
전남,2024,5회,도일괄,행정직군,행정,일반행정,일반,15,881,,93,전남 7급 행정(일반행정) 도일괄,
전북,2024,4회,전북특별자치도,행정직군,행정,일반행정,일반,10,583,302,93.0,전북 7급 시·군별 응시현황+합격선 병합,
전북,2024,4회,전주시,행정직군,행정,일반행정,일반,2,111,50,89.0,전북 7급 시·군별 응시현황+합격선 병합,
충남,2024,2회,충청남도,행정직군,행정,일반행정,일반,2,330,152,95,충남 7급 행정(일반행정) 응시현황+합격선,
충남,2024,2회,예산군,행정직군,행정,일반행정,일반,1,51,30,86,충남 7급 행정(일반행정) 응시현황+합격선,
충북,2024,2회,충청북도,행정직군,행정,일반행정,일반,3,388,,93.00,충북 7급 행정(일반행정) 응시현황+합격선,
경기,2025,2회,경기도,행정직군,행정,일반행정,일반,16,1721,876,87,2025년도 제2회 경기도 지방공무원 공개경쟁임용 필기시험 합격선.pdf,
경기,2025,2회,경기도,행정직군,행정,일반행정,장애인,5,56,27,66,2025년도 제2회 경기도 지방공무원 공개경쟁임용 필기시험 합격선.pdf,
경기,2025,2회,경기도,기술직군,농업,일반농업,일반,2,46,20,87,2025년도 제2회 경기도 지방공무원 공개경쟁임용 필기시험 합격선.pdf,
경기,2025,2회,경기도,기술직군,농업,일반농업,장애인,1,0,,,2025년도 제2회 경기도 지방공무원 공개경쟁임용 필기시험 합격선.pdf,
경기,2025,2회,경기도,기술직군,농업,축산,일반,2,42,21,77,2025년도 제2회 경기도 지방공무원 공개경쟁임용 필기시험 합격선.pdf,
경기,2025,2회,경기도,기술직군,환경,일반환경,일반,1,58,21,71,2025년도 제2회 경기도 지방공무원 공개경쟁임용 필기시험 합격선.pdf,
경기,2025,2회,경기도,기술직군,환경,일반환경,장애인,1,0,,,2025년도 제2회 경기도 지방공무원 공개경쟁임용 필기시험 합격선.pdf,
경기,2025,2회,경기도,기술직군,시설,일반토목,일반,2,47,11,58,2025년도 제2회 경기도 지방공무원 공개경쟁임용 필기시험 합격선.pdf,
경기,2025,2회,경기도,기술직군,시설,일반토목,장애인,1,0,,,2025년도 제2회 경기도 지방공무원 공개경쟁임용 필기시험 합격선.pdf,
경남,2025,2회,창원시,행정직군,행정,일반행정,일반,2,406,194,85.00,경남 7급 응시율+합격선 병합(창원시 일반행정),
경북,2025,2회,경상북도,행정직군,행정,일반행정,일반,5,325,149,87,2025년도 경상북도 지방공무원 7급 공개경쟁임용시험 필기시험 합격선.pdf,
경북,2025,2회,포항시,행정직군,행정,일반행정,일반,1,83,30,80,2025년도 경상북도 지방공무원 7급 공개경쟁임용시험 필기시험 합격선.pdf,
경북,2025,2회,김천시,행정직군,행정,일반행정,일반,1,45,22,85,2025년도 경상북도 지방공무원 7급 공개경쟁임용시험 필기시험 합격선.pdf,
경북,2025,2회,안동시,행정직군,행정,일반행정,일반,1,61,36,90,2025년도 경상북도 지방공무원 7급 공개경쟁임용시험 필기시험 합격선.pdf,
경북,2025,2회,구미시,행정직군,행정,일반행정,일반,1,59,32,83,2025년도 경상북도 지방공무원 7급 공개경쟁임용시험 필기시험 합격선.pdf,
경북,2025,2회,상주시,행정직군,행정,일반행정,일반,1,33,15,72,2025년도 경상북도 지방공무원 7급 공개경쟁임용시험 필기시험 합격선.pdf,
경북,2025,2회,영양군,행정직군,행정,일반행정,일반,1,42,23,72,2025년도 경상북도 지방공무원 7급 공개경쟁임용시험 필기시험 합격선.pdf,
경북,2025,2회,고령군,행정직군,행정,일반행정,일반,1,33,14,71,2025년도 경상북도 지방공무원 7급 공개경쟁임용시험 필기시험 합격선.pdf,
경북,2025,2회,성주군,행정직군,행정,일반행정,일반,1,37,23,81,2025년도 경상북도 지방공무원 7급 공개경쟁임용시험 필기시험 합격선.pdf,
경북,2025,2회,칠곡군,행정직군,행정,일반행정,일반,1,62,25,74,2025년도 경상북도 지방공무원 7급 공개경쟁임용시험 필기시험 합격선.pdf,
경북,2025,2회,봉화군,행정직군,행정,일반행정,일반,1,43,19,77,2025년도 경상북도 지방공무원 7급 공개경쟁임용시험 필기시험 합격선.pdf,
경북,2025,2회,청송군,행정직군,행정,일반행정,장애인,1,5,1,,2025년도 경상북도 지방공무원 7급 공개경쟁임용시험 필기시험 합격선.pdf,
대전,2025,3회,,행정직군,행정,일반행정,일반,2,461,220,,대전 7급 응시율+합격선 병합,
부산,2025,,,행정직군,행정,일반행정,일반,10,,564,87,부산 7급 응시율/합격선 병합,
서울,2025,2회,,행정직군,행정,감사,일반,2,253,87,81,2025년도 제2회 서울특별시 지방공무원 임용시험 현황.xlsx,
서울,2025,2회,,과학기술직군,시설,지적,일반,2,59,19,65,2025년도 제2회 서울특별시 지방공무원 임용시험 현황.xlsx,
서울,2025,2회,,행정직군,감사,감사,일반,2,253,87,81,서울 7급 현황+합격선 병합,
세종,2025,2회,,행정직군,행정,일반행정,일반,4,263,150,85.00,세종 7급 응시현황+합격선 병합,
인천,2025,1회,시·구,,행정,일반행정,일반,2,417,212,86,2025년도 인천광역시 지방공무원 7급 필기시험 통계자료(공개용).pdf,
인천,2025,2회,시·구,행정직군,행정,일반행정,일반,2,417,212,86,인천 7급 통계자료(합격선=평균),
전남,2025,5회,도일괄,행정직군,행정,일반행정,일반,15,724,376,85,전남 7급 행정(일반행정) 도일괄,
전북,2025,4회,전북특별자치도,행정직군,행정,일반행정,일반,15,550,285,81.0,전북 7급 시·군별 응시현황+합격선 병합,
전북,2025,4회,전주시,행정직군,행정,일반행정,일반,2,112,58,89.0,전북 7급 시·군별 응시현황+합격선 병합,
충남,2025,3회,충청남도,행정직군,행정,일반행정,일반,3,336,150,85,충남 7급 행정(일반행정) 응시현황+합격선,
충북,2025,2회,충청북도,행정직군,행정,일반행정,일반,2,306,144,85.00,충북 7급 행정(일반행정) 응시현황+합격선,
